coef,v1,v2,v3
cond_cond.A_b01,-0.032160267293912047,-0.082969324018722285,0.033977070458719928
cond_cond.A_b02,0.20809261712208163,0.037540398594220613,0.069023298362645827
cond_cond.A_b03,0.35151897683323891,0.29259990690564952,0.44896580667190422
cond_cond.A_b04,0.74947646192773876,0.56866331953111271,0.92541401411502944
cond_cond.A_b05,0.88379243693968079,0.76986848277019815,1.3308111674404497
cond_cond.A_b06,1.0822028518217046,0.67957646672028127,1.338566012008038
cond_cond.A_b07,0.90453984435274903,0.4308460819012882,1.1049116061385116
cond_cond.A_b08,0.62241625320393301,0.36158548616785957,0.84003282780790711
cond_cond.A_b09,0.36865717808414089,0.33512183401038848,0.49833566539083357
cond_cond.A_b10,0.11970728258885341,0.22272164755393398,0.2985982948606834
cond_cond.A_b11,0.081703824135889586,0.10437241925431523,0.16226283996075663
cond_cond.A_b12,-0.14422686261462886,-0.096068914082228937,0.09472255631771033
cond_cond.A_b13,-0.092403040039686024,0.022174998571385954,0.017974817694284287
cond_cond.A_b14,-0.21344723726237488,0.059161180383336127,-0.0092878522910884963
cond_cond.A_b15,-0.24865303092791741,-0.050461373612590399,0.0061409631424446821
cond_cond.A_b16,-0.16332718002637278,-0.17414610323610955,-0.13156997292099454
cond_cond.A_b17,-0.18098333364892524,-0.053177728569197932,-0.016799370097640886
cond_cond.A_b18,-0.15131919848357933,0.049604113465165793,0.014213859961918682
cond_cond.A_b19,-0.1203323037881824,-0.10081716801907419,-0.013298004909316746
cond_cond.A_b20,-0.06487565266147767,-0.064201842342523477,-0.020857248837408183
cond_cond.A_b21,0.032662845222544645,-0.036392586709872166,0.08235099985926142
cond_cond.A_b22,-0.03443928898745427,0.0046879272829226659,0.050517492314433719
cond_cond.A_b23,0.089016888008724579,-0.0011103729706717432,-0.05825862217508334
cond_cond.A_b24,0.046551678415350441,-0.086171788717359546,-0.0020231314676555233
cond_cond.A_b25,0.011905695785727003,-0.03710186400700493,-0.0027031996469402482
cond_cond.A_b26,0.064946572809046269,-0.12667574889784139,-0.034721566924482861
cond_cond.A_b27,0.092811142866374152,0.024755392841025157,-0.024497522696045573
cond_cond.A_b28,0.019062391812718425,0.051877625584824213,-0.12567536053326783
cond_cond.A_b29,-0.00092510434005871507,-0.031534801014768299,-0.17783480087898759
cond_cond.A_b30,-0.0040744762187972464,0.10084707693138775,-0.20277077962344997
cond_cond.A_b31,0.040931461280669414,0.14347594406077904,-0.075568520395771804
cond_cond.A_b32,-0.12964933655220506,0.10688188560637563,0.030463093609832563
cond_cond.B_b01,0.0043827278097848983,0.080192388208926477,-0.0054621479466125597
cond_cond.B_b02,0.11467702900382894,0.12337557059773019,-0.0010679078865853972
cond_cond.B_b03,0.33843352129921211,0.32586547329566895,0.24359558673196974
cond_cond.B_b04,0.52680805513268514,0.60939805484013809,0.51745143589762144
cond_cond.B_b05,0.55649251624540685,0.8034242903578126,0.6532160924355086
cond_cond.B_b06,0.41626071809333187,0.95306446997112748,0.61977621493035051
cond_cond.B_b07,0.39381083370586084,0.71284430530331788,0.5413544695064364
cond_cond.B_b08,0.33677013778773041,0.45041395120369832,0.43439055872981336
cond_cond.B_b09,0.23639961306982055,0.35302958634265486,0.21512709879934505
cond_cond.B_b10,0.074377241927018611,0.20295207070145319,0.17904414484743769
cond_cond.B_b11,-0.019360923436779909,0.22747154038287123,0.13318146932386771
cond_cond.B_b12,-0.091776099953935111,0.10317851125987156,0.0049334418909364255
cond_cond.B_b13,-0.12597723892721147,0.078206638065912465,0.035614176560901829
cond_cond.B_b14,-0.0044512336215670146,-0.002330158846696882,0.00088004639890415732
cond_cond.B_b15,0.013152859979015094,0.029486069629609566,-0.093385289989041567
cond_cond.B_b16,0.019225578291881592,0.095067606867710541,0.037660501014742928
cond_cond.B_b17,-0.00069271848583966054,0.091984460601537588,-0.054128773154848105
cond_cond.B_b18,-0.14614033446698207,0.1312228789272489,-0.076784644932045704
cond_cond.B_b19,-0.05639939669254284,0.16657225114746926,-0.12417832006315266
cond_cond.B_b20,-0.049753647298907168,0.084468528194922468,-0.069758705441865035
cond_cond.B_b21,0.014665700828326215,0.083305138362344253,-0.099325760969241617
cond_cond.B_b22,-0.012426401721305809,0.015528983760665013,-0.025870824625863785
cond_cond.B_b23,-0.15148611938712447,-0.0038926089292652673,0.022872093441152864
cond_cond.B_b24,-0.11731437052470152,0.1207185894116108,-0.043309672762316342
cond_cond.B_b25,-0.10246684527140684,0.0036302431758168082,-0.064979037005475582
cond_cond.B_b26,-0.050937429914373646,0.080791351076025295,0.064994070364302575
cond_cond.B_b27,-0.12636636824533756,-0.010349889071740039,-0.099255418558896094
cond_cond.B_b28,-0.074546372823676793,-0.062431962664659744,-0.010598362243122772
cond_cond.B_b29,-0.071394732293374535,-0.019166040520304767,-0.0063216861352479526
cond_cond.B_b30,-0.13880772845603678,-0.11691683546673672,0.013641185992843292
cond_cond.B_b31,0.031012250754604998,-0.104854600741006,-0.014012084148829098
cond_cond.B_b32,-0.03833490341163056,0.0035030774555071956,0.0091789706331274375
