tau,A.v1,A.v2,A.v3,B.v1,B.v2,B.v3
0,-0.017747358697060619,-0.05687954911686411,0.22536541037378366,0.0041762622525147591,0.024019336305511813,0.043757564081495122
0.25,-0.017747358697060619,-0.05687954911686411,0.22536541037378366,0.0041762622525147591,0.024019336305511813,0.043757564081495122
0.5,-0.017747358697060619,-0.05687954911686411,0.22536541037378366,0.0041762622525147591,0.024019336305511813,0.043757564081495122
0.75,-0.017747358697060619,-0.05687954911686411,0.22536541037378366,0.0041762622525147591,0.024019336305511813,0.043757564081495122
1,0.24122025572743341,0.014418134538577565,0.14673377312194844,0.16546024802027129,0.13309462114409679,0.25392971205145315
1.25,0.24122025572743341,0.014418134538577565,0.14673377312194844,0.16546024802027129,0.13309462114409679,0.25392971205145315
1.5,0.24122025572743341,0.014418134538577565,0.14673377312194844,0.16546024802027129,0.13309462114409679,0.25392971205145315
1.75,0.24122025572743341,0.014418134538577565,0.14673377312194844,0.16546024802027129,0.13309462114409679,0.25392971205145315
2,0.54117539426879491,0.24410633812403626,0.47877439478586542,0.33479805048910299,0.2302454823740776,0.26434581248529587
2.25,0.54117539426879491,0.24410633812403626,0.47877439478586542,0.33479805048910299,0.2302454823740776,0.26434581248529587
2.5,0.54117539426879491,0.24410633812403626,0.47877439478586542,0.33479805048910299,0.2302454823740776,0.26434581248529587
2.75,0.54117539426879491,0.24410633812403626,0.47877439478586542,0.33479805048910299,0.2302454823740776,0.26434581248529587
3,0.79735647356213213,0.54483805528794105,1.0998520802424074,0.68682197536691603,0.706620477557798,0.48931947131669301
3.25,0.79735647356213213,0.54483805528794105,1.0998520802424074,0.68682197536691603,0.706620477557798,0.48931947131669301
3.5,0.79735647356213213,0.54483805528794105,1.0998520802424074,0.68682197536691603,0.706620477557798,0.48931947131669301
3.75,0.79735647356213213,0.54483805528794105,1.0998520802424074,0.68682197536691603,0.706620477557798,0.48931947131669301
4,1.0745697551601252,0.57535163239417508,1.3056537303176754,0.61351525779501848,0.87146690718962028,0.69813374939209805
4.25,1.0745697551601252,0.57535163239417508,1.3056537303176754,0.61351525779501848,0.87146690718962028,0.69813374939209805
4.5,1.0745697551601252,0.57535163239417508,1.3056537303176754,0.61351525779501848,0.87146690718962028,0.69813374939209805
4.75,1.0745697551601252,0.57535163239417508,1.3056537303176754,0.61351525779501848,0.87146690718962028,0.69813374939209805
5,1.1336699382459443,0.5967142777919473,1.2488607662179205,0.51379017102769697,0.67058626904792351,0.59413119941797765
5.25,1.1336699382459443,0.5967142777919473,1.2488607662179205,0.51379017102769697,0.67058626904792351,0.59413119941797765
5.5,1.1336699382459443,0.5967142777919473,1.2488607662179205,0.51379017102769697,0.67058626904792351,0.59413119941797765
5.75,1.1336699382459443,0.5967142777919473,1.2488607662179205,0.51379017102769697,0.67058626904792351,0.59413119941797765
6,0.84468983083952132,0.5453978638481769,1.0275523792920913,0.42230504934503038,0.5186817170744864,0.56807608938921783
6.25,0.84468983083952132,0.5453978638481769,1.0275523792920913,0.42230504934503038,0.5186817170744864,0.56807608938921783
6.5,0.84468983083952132,0.5453978638481769,1.0275523792920913,0.42230504934503038,0.5186817170744864,0.56807608938921783
6.75,0.84468983083952132,0.5453978638481769,1.0275523792920913,0.42230504934503038,0.5186817170744864,0.56807608938921783
7,0.69317837237964874,0.32575147276879657,0.95707419487304879,0.24213385113869507,0.51939469137316985,0.49995279067724369
7.25,0.69317837237964874,0.32575147276879657,0.95707419487304879,0.24213385113869507,0.51939469137316985,0.49995279067724369
7.5,0.69317837237964874,0.32575147276879657,0.95707419487304879,0.24213385113869507,0.51939469137316985,0.49995279067724369
7.75,0.69317837237964874,0.32575147276879657,0.95707419487304879,0.24213385113869507,0.51939469137316985,0.49995279067724369
8,0.4944348016362104,0.19249235819318061,0.60697510272672528,0.23368099638139514,0.36342742963529479,0.38020223246396317
8.25,0.4944348016362104,0.19249235819318061,0.60697510272672528,0.23368099638139514,0.36342742963529479,0.38020223246396317
8.5,0.4944348016362104,0.19249235819318061,0.60697510272672528,0.23368099638139514,0.36342742963529479,0.38020223246396317
8.75,0.4944348016362104,0.19249235819318061,0.60697510272672528,0.23368099638139514,0.36342742963529479,0.38020223246396317
9,0.2484846291590867,0.21158946396097797,0.25074703359902967,0.038831272359702081,0.14703846509257004,0.26793578581938149
9.25,0.2484846291590867,0.21158946396097797,0.25074703359902967,0.038831272359702081,0.14703846509257004,0.26793578581938149
9.5,0.2484846291590867,0.21158946396097797,0.25074703359902967,0.038831272359702081,0.14703846509257004,0.26793578581938149
9.75,0.2484846291590867,0.21158946396097797,0.25074703359902967,0.038831272359702081,0.14703846509257004,0.26793578581938149
10,-0.027011051893739292,0.0013086873800887253,0.13370549910199575,-0.10035611546366818,-0.10735624619784849,0.14310690978828428
10.25,-0.027011051893739292,0.0013086873800887253,0.13370549910199575,-0.10035611546366818,-0.10735624619784849,0.14310690978828428
10.5,-0.027011051893739292,0.0013086873800887253,0.13370549910199575,-0.10035611546366818,-0.10735624619784849,0.14310690978828428
10.75,-0.027011051893739292,0.0013086873800887253,0.13370549910199575,-0.10035611546366818,-0.10735624619784849,0.14310690978828428
11,-0.12461446195433681,-0.079299898322857137,-0.081830369011964915,-0.093457615925550061,-0.061296271501585127,-0.056032110938608999
11.25,-0.12461446195433681,-0.079299898322857137,-0.081830369011964915,-0.093457615925550061,-0.061296271501585127,-0.056032110938608999
11.5,-0.12461446195433681,-0.079299898322857137,-0.081830369011964915,-0.093457615925550061,-0.061296271501585127,-0.056032110938608999
11.75,-0.12461446195433681,-0.079299898322857137,-0.081830369011964915,-0.093457615925550061,-0.061296271501585127,-0.056032110938608999
12,-0.21590520799906301,-0.022427155961881634,-0.21227642155237975,-0.16844699918646536,0.037400447499426448,-0.069525572922681689
12.25,-0.21590520799906301,-0.022427155961881634,-0.21227642155237975,-0.16844699918646536,0.037400447499426448,-0.069525572922681689
12.5,-0.21590520799906301,-0.022427155961881634,-0.21227642155237975,-0.16844699918646536,0.037400447499426448,-0.069525572922681689
12.75,-0.21590520799906301,-0.022427155961881634,-0.21227642155237975,-0.16844699918646536,0.037400447499426448,-0.069525572922681689
13,-0.17618801599737705,0.0047500238481035222,-0.17905751539707118,-0.11201278595324302,-0.19329414635897341,-0.26464940402513698
13.25,-0.17618801599737705,0.0047500238481035222,-0.17905751539707118,-0.11201278595324302,-0.19329414635897341,-0.26464940402513698
13.5,-0.17618801599737705,0.0047500238481035222,-0.17905751539707118,-0.11201278595324302,-0.19329414635897341,-0.26464940402513698
13.75,-0.17618801599737705,0.0047500238481035222,-0.17905751539707118,-0.11201278595324302,-0.19329414635897341,-0.26464940402513698
14,-0.10402108012909007,0.096242295350412427,-0.15879449023790823,-0.020194470775111079,-0.06942411013946588,-0.044006947776572831
14.25,-0.10402108012909007,0.096242295350412427,-0.15879449023790823,-0.020194470775111079,-0.06942411013946588,-0.044006947776572831
14.5,-0.10402108012909007,0.096242295350412427,-0.15879449023790823,-0.020194470775111079,-0.06942411013946588,-0.044006947776572831
14.75,-0.10402108012909007,0.096242295350412427,-0.15879449023790823,-0.020194470775111079,-0.06942411013946588,-0.044006947776572831
15,-0.15138478555397578,-0.10521251729434881,-0.013771684712350058,-0.12725177597410242,-0.27273526226425948,-0.11218536943573351
15.25,-0.15138478555397578,-0.10521251729434881,-0.013771684712350058,-0.12725177597410242,-0.27273526226425948,-0.11218536943573351
15.5,-0.15138478555397578,-0.10521251729434881,-0.013771684712350058,-0.12725177597410242,-0.27273526226425948,-0.11218536943573351
15.75,-0.15138478555397578,-0.10521251729434881,-0.013771684712350058,-0.12725177597410242,-0.27273526226425948,-0.11218536943573351
16,-0.043894189382849592,-0.0791104089810373,0.018753983428669019,-0.08202162509175652,-0.13117157786309563,0.11471999184860843
16.25,-0.043894189382849592,-0.0791104089810373,0.018753983428669019,-0.08202162509175652,-0.13117157786309563,0.11471999184860843
16.5,-0.043894189382849592,-0.0791104089810373,0.018753983428669019,-0.08202162509175652,-0.13117157786309563,0.11471999184860843
16.75,-0.043894189382849592,-0.0791104089810373,0.018753983428669019,-0.08202162509175652,-0.13117157786309563,0.11471999184860843
17,-0.039803466546415166,-0.2151986931561892,-0.08998802758040586,-0.086133968405347414,-0.093460426277251624,0.070051536860655253
17.25,-0.039803466546415166,-0.2151986931561892,-0.08998802758040586,-0.086133968405347414,-0.093460426277251624,0.070051536860655253
17.5,-0.039803466546415166,-0.2151986931561892,-0.08998802758040586,-0.086133968405347414,-0.093460426277251624,0.070051536860655253
17.75,-0.039803466546415166,-0.2151986931561892,-0.08998802758040586,-0.086133968405347414,-0.093460426277251624,0.070051536860655253
18,-0.21574926326256047,-0.24724842610899858,-0.2571197390341885,-0.059434762433807409,-0.066120798381075416,0.14866974386767434
18.25,-0.21574926326256047,-0.24724842610899858,-0.2571197390341885,-0.059434762433807409,-0.066120798381075416,0.14866974386767434
18.5,-0.21574926326256047,-0.24724842610899858,-0.2571197390341885,-0.059434762433807409,-0.066120798381075416,0.14866974386767434
18.75,-0.21574926326256047,-0.24724842610899858,-0.2571197390341885,-0.059434762433807409,-0.066120798381075416,0.14866974386767434
19,-0.14012270101089952,-0.090719043863932924,-0.060950645997835444,-0.063453817170848303,-0.10043716446439858,0.086494296215528177
19.25,-0.14012270101089952,-0.090719043863932924,-0.060950645997835444,-0.063453817170848303,-0.10043716446439858,0.086494296215528177
19.5,-0.14012270101089952,-0.090719043863932924,-0.060950645997835444,-0.063453817170848303,-0.10043716446439858,0.086494296215528177
19.75,-0.14012270101089952,-0.090719043863932924,-0.060950645997835444,-0.063453817170848303,-0.10043716446439858,0.086494296215528177
20,-0.19042943566865903,-0.079512832456823557,-0.25549109015611543,-0.12783429196314641,-0.08137137109556454,0.016816389850569817
20.25,-0.19042943566865903,-0.079512832456823557,-0.25549109015611543,-0.12783429196314641,-0.08137137109556454,0.016816389850569817
20.5,-0.19042943566865903,-0.079512832456823557,-0.25549109015611543,-0.12783429196314641,-0.08137137109556454,0.016816389850569817
20.75,-0.19042943566865903,-0.079512832456823557,-0.25549109015611543,-0.12783429196314641,-0.08137137109556454,0.016816389850569817
21,-0.1866096836142552,-0.13036287892498682,-0.039394928071188474,-0.10355558551226222,-0.16391400825839872,-0.1041113358423183
21.25,-0.1866096836142552,-0.13036287892498682,-0.039394928071188474,-0.10355558551226222,-0.16391400825839872,-0.1041113358423183
21.5,-0.1866096836142552,-0.13036287892498682,-0.039394928071188474,-0.10355558551226222,-0.16391400825839872,-0.1041113358423183
21.75,-0.1866096836142552,-0.13036287892498682,-0.039394928071188474,-0.10355558551226222,-0.16391400825839872,-0.1041113358423183
22,0.098414771443656082,-0.065336550756951287,-0.074133105018800452,-0.121150557116372,-0.080359760572934008,-0.097116781950019104
22.25,0.098414771443656082,-0.065336550756951287,-0.074133105018800452,-0.121150557116372,-0.080359760572934008,-0.097116781950019104
22.5,0.098414771443656082,-0.065336550756951287,-0.074133105018800452,-0.121150557116372,-0.080359760572934008,-0.097116781950019104
22.75,0.098414771443656082,-0.065336550756951287,-0.074133105018800452,-0.121150557116372,-0.080359760572934008,-0.097116781950019104
23,-0.024191607708138267,0.13696884426579156,0.10269852632551714,-0.037156522591594923,0.0044597458962601731,-0.045868553355364411
23.25,-0.024191607708138267,0.13696884426579156,0.10269852632551714,-0.037156522591594923,0.0044597458962601731,-0.045868553355364411
23.5,-0.024191607708138267,0.13696884426579156,0.10269852632551714,-0.037156522591594923,0.0044597458962601731,-0.045868553355364411
23.75,-0.024191607708138267,0.13696884426579156,0.10269852632551714,-0.037156522591594923,0.0044597458962601731,-0.045868553355364411
24,0.021099133128534234,0.082365049248585037,0.031041812807872944,-0.014193216331635903,-0.19121974192100807,0.056942854543011519
24.25,0.021099133128534234,0.082365049248585037,0.031041812807872944,-0.014193216331635903,-0.19121974192100807,0.056942854543011519
24.5,0.021099133128534234,0.082365049248585037,0.031041812807872944,-0.014193216331635903,-0.19121974192100807,0.056942854543011519
24.75,0.021099133128534234,0.082365049248585037,0.031041812807872944,-0.014193216331635903,-0.19121974192100807,0.056942854543011519
25,-0.076631696513525804,0.14027480471979445,0.18029721418970152,-0.0016219215271901478,-0.04195182951855022,0.18784537721435821
25.25,-0.076631696513525804,0.14027480471979445,0.18029721418970152,-0.0016219215271901478,-0.04195182951855022,0.18784537721435821
25.5,-0.076631696513525804,0.14027480471979445,0.18029721418970152,-0.0016219215271901478,-0.04195182951855022,0.18784537721435821
25.75,-0.076631696513525804,0.14027480471979445,0.18029721418970152,-0.0016219215271901478,-0.04195182951855022,0.18784537721435821
26,-0.030027996332090023,0.071579299963589763,0.07953767696259173,0.046122938553041788,0.04404761516140681,0.19957702312118608
26.25,-0.030027996332090023,0.071579299963589763,0.07953767696259173,0.046122938553041788,0.04404761516140681,0.19957702312118608
26.5,-0.030027996332090023,0.071579299963589763,0.07953767696259173,0.046122938553041788,0.04404761516140681,0.19957702312118608
26.75,-0.030027996332090023,0.071579299963589763,0.07953767696259173,0.046122938553041788,0.04404761516140681,0.19957702312118608
27,-0.050743881018337871,-0.0064408313149571551,0.10583658075020885,-0.019643495442996265,0.053945275549526585,0.14923299109888172
27.25,-0.050743881018337871,-0.0064408313149571551,0.10583658075020885,-0.019643495442996265,0.053945275549526585,0.14923299109888172
27.5,-0.050743881018337871,-0.0064408313149571551,0.10583658075020885,-0.019643495442996265,0.053945275549526585,0.14923299109888172
27.75,-0.050743881018337871,-0.0064408313149571551,0.10583658075020885,-0.019643495442996265,0.053945275549526585,0.14923299109888172
28,-0.080307875761559747,0.077710384651053996,-0.022598440797074928,-0.053336616425010794,-0.065357279519304035,0.074780954710762126
28.25,-0.080307875761559747,0.077710384651053996,-0.022598440797074928,-0.053336616425010794,-0.065357279519304035,0.074780954710762126
28.5,-0.080307875761559747,0.077710384651053996,-0.022598440797074928,-0.053336616425010794,-0.065357279519304035,0.074780954710762126
28.75,-0.080307875761559747,0.077710384651053996,-0.022598440797074928,-0.053336616425010794,-0.065357279519304035,0.074780954710762126
29,-0.12417676503450248,-0.078066195490765974,0.038038415020868507,0.083265023893451168,-0.15591429677129004,-0.029120889465878017
29.25,-0.12417676503450248,-0.078066195490765974,0.038038415020868507,0.083265023893451168,-0.15591429677129004,-0.029120889465878017
29.5,-0.12417676503450248,-0.078066195490765974,0.038038415020868507,0.083265023893451168,-0.15591429677129004,-0.029120889465878017
29.75,-0.12417676503450248,-0.078066195490765974,0.038038415020868507,0.083265023893451168,-0.15591429677129004,-0.029120889465878017
30,0.055859570544920183,-0.065207408611791404,0.0075285338383240304,0.058394351427423205,-0.20230123965148827,0.073650012810234228
30.25,0.055859570544920183,-0.065207408611791404,0.0075285338383240304,0.058394351427423205,-0.20230123965148827,0.073650012810234228
30.5,0.055859570544920183,-0.065207408611791404,0.0075285338383240304,0.058394351427423205,-0.20230123965148827,0.073650012810234228
30.75,0.055859570544920183,-0.065207408611791404,0.0075285338383240304,0.058394351427423205,-0.20230123965148827,0.073650012810234228
31,0.087501017669896999,-0.071505557389620861,0.00095102900098213781,0.091617713621704858,-0.030047945309188105,-0.013636678407863428
31.25,0.087501017669896999,-0.071505557389620861,0.00095102900098213781,0.091617713621704858,-0.030047945309188105,-0.013636678407863428
31.5,0.087501017669896999,-0.071505557389620861,0.00095102900098213781,0.091617713621704858,-0.030047945309188105,-0.013636678407863428
31.75,0.087501017669896999,-0.071505557389620861,0.00095102900098213781,0.091617713621704858,-0.030047945309188105,-0.013636678407863428
32,0,0,0,0,0,0
