F1,F2,F3,F4,F5,F6,F7,F8,F9
-0.14048166904528275,0.17895881564545338,0,0,0,0,1,0,0
-0.094695487481446822,0.11582779049535818,0,0,0,0,0.6875,0,0
-0.093399096240257176,0.11097077747323769,0,0,0,0,0.6875,0,0
-0.092102704999067503,0.1061807157584395,0,0,0,0,0.6875,0,0
-0.090806313757877788,0.10145760535096385,0,0,0,0,0.6875,0,0
-0.089509922516688101,0.096801446250810622,0,0,0,0,0.6875,0,0
-0.088213531275498427,0.092212238457979878,0,0,0,0,0.6875,0,0
-0.086917140034308726,0.087689981972471603,0,0,0,0,0.6875,0,0
-0.085620748793119025,0.08323467679428577,0,0,0,0,0.6875,0,0
-0.084324357551929352,0.078846322923422404,0,0,0,0,0.6875,0,0
-0.083027966310739665,0.074524920359881508,0,0,0,0,0.6875,0,0
-0.081731575069549978,0.070270469103663094,0,0,0,0,0.6875,0,0
-0.080435183828360277,0.066082969154767135,0,0,0,0,0.6875,0,0
-0.079138792587170576,0.061962420513193617,0,0,0,0,0.6875,0,0
-0.077842401345980916,0.057908823178942581,0,0,0,0,0.6875,0,0
-0.076546010104791201,0.053922177152014014,0,0,0,0,0.6875,0,0
-0.075249618863601514,0.050002482432407916,0,0,0,0,0.6875,0,0
-0.073953227622411841,0.046149739020124265,0,0,0,0,0.6875,0,0
-0.07265683638122214,0.042363946915163098,0,0,0,0,0.6875,0,0
-0.071360445140032452,0.038645106117524378,0,0,0,0,0.6875,0,0
-0.070064053898842765,0.034993216627208119,0,0,0,0,0.6875,0,0
-0.068767662657653078,0.031408278444214344,0,0,0,0,0.6875,0,0
-0.067471271416463391,0.027890291568543026,0,0,0,0,0.6875,0,0
-0.066174880175273704,0.024439256000194177,0,0,0,0,0.6875,0,0
-0.064878488934084003,0.021055171739167787,0,0,0,0,0.6875,0,0
-0.063582097692894315,0.017738038785463858,0,0,0,0,0.6875,0,0
-0.062285706451704628,0.014487857139082398,0,0,0,0,0.6875,0,0
-0.060989315210514927,0.011304626800023405,0,0,0,0,0.6875,0,0
-0.059692923969325254,0.0081883477682868702,0,0,0,0,0.6875,0,0
-0.058396532728135567,0.0051390200438728049,0,0,0,0,0.6875,0,0
-0.057100141486945866,0.0021566436267812053,0,0,0,0,0.6875,0,0
-0.055803750245756178,-0.00075878148298793484,0,0,0,0,0.6875,0,0
-0.054507359004566491,-0.0036072552854346076,0,0,0,0,0.6875,0,0
-0.05321096776337679,-0.0063887777805588138,0,0,0,0,0.6875,0,0
-0.051914576522187117,-0.0091033489683605608,0,0,0,0,0.6875,0,0
-0.05061818528099743,-0.011750968848839844,0,0,0,0,0.6875,0,0
-0.049321794039807729,-0.014331637421996654,0,0,0,0,0.6875,0,0
-0.048025402798618028,-0.016845354687831007,0,0,0,0,0.6875,0,0
-0.046729011557428361,-0.019292120646342895,0,0,0,0,0.6875,0,0
-0.045432620316238653,-0.021671935297532308,0,0,0,0,0.6875,0,0
-0.044136229075048966,-0.023984798641399262,0,0,0,0,0.6875,0,0
-0.042839837833859293,-0.026230710677943761,0,0,0,0,0.6875,0,0
-0.041543446592669592,-0.028409671407165785,0,0,0,0,0.6875,0,0
-0.040247055351479898,-0.030521680829065347,0,0,0,0,0.6875,0,0
-0.038950664110290217,-0.032566738943642454,0,0,0,0,0.6875,0,0
-0.03765427286910053,-0.034544845750897085,0,0,0,0,0.6875,0,0
-0.036357881627910829,-0.036456001250829276,0,0,0,0,0.6875,0,0
-0.035061490386721149,-0.038300205443438956,0,0,0,0,0.6875,0,0
-0.033765099145531462,-0.040077458328726209,0,0,0,0,0.6875,0,0
-0.032468707904341761,-0.041787759906690973,0,0,0,0,0.6875,0,0
-0.03117231666315208,-0.043431110177333282,0,0,0,0,0.6875,0,0
-0.029875925421962393,-0.045007509140653143,0,0,0,0,0.6875,0,0
-0.028579534180772692,-0.046516956796650522,0,0,0,0,0.6875,0,0
-0.027283142939583012,-0.047959453145325431,0,0,0,0,0.6875,0,0
-0.025986751698393325,-0.049334998186677886,0,0,0,0,0.6875,0,0
-0.024690360457203631,-0.050643591920707873,0,0,0,0,0.6875,0,0
-0.02339396921601394,-0.051885234347415418,0,0,0,0,0.6875,0,0
-0.022097577974824256,-0.053059925466800453,0,0,0,0,0.6875,0,0
-0.020801186733634562,-0.054167665278863075,0,0,0,0,0.6875,0,0
-0.019504795492444878,-0.055208453783603194,0,0,0,0,0.6875,0,0
-0.018208404251255184,-0.056182290981020844,0,0,0,0,0.6875,0,0
-0.016912013010065497,-0.057089176871116046,0,0,0,0,0.6875,0,0
-0.015615621768875805,-0.057929111453888793,0,0,0,0,0.6875,0,0
-0.014319230527686118,-0.058702094729339072,0,0,0,0,0.6875,0,0
-0.013022839286496429,-0.059408126697466854,0,0,0,0,0.6875,0,0
-0.011726448045306741,-0.060047207358272209,0,0,0,0,0.6875,0,0
-0.010430056804117047,-0.060619336711755102,0,0,0,0,0.6875,0,0
-0.0091336655629273584,-0.061124514757915499,0,0,0,0,0.6875,0,0
-0.0078372743217376695,-0.061562741496753455,0,0,0,0,0.6875,0,0
-0.0065408830805479806,-0.061934016928268935,0,0,0,0,0.6875,0,0
-0.0052444918393582899,-0.062238341052461961,0,0,0,0,0.6875,0,0
-0.0039481005981686027,-0.062475713869332525,0,0,0,0,0.6875,0,0
-0.0026517093569789116,-0.062646135378880613,0,0,0,0,0.6875,0,0
-0.0013553181157892227,-0.062749605581106233,0,0,0,0,0.6875,0,0
-5.8926874599532822e-05,-0.062786124476009397,0,0,0,0,0.6875,0,0
0.0012374643665901566,-0.062755692063590093,0,0,0,0,0.6875,0,0
0.002533855607779844,-0.062658308343848321,0,0,0,0,0.6875,0,0
0.0038302468489695356,-0.062493973316784093,0,0,0,0,0.6875,0,0
0.0051266380901592214,-0.062262686982397411,0,0,0,0,0.6875,0,0
0.0064230293313489164,-0.061964449340688239,0,0,0,0,0.6875,0,0
0.0077194205725386045,-0.061599260391656613,0,0,0,0,0.6875,0,0
0.0090158118137282899,-0.061167120135302532,0,0,0,0,0.6875,0,0
0.010312203054917986,-0.060668028571625975,0,0,0,0,0.6875,0,0
0.011608594296107669,-0.060101985700626963,0,0,0,0,0.6875,0,0
0.01290498553729736,-0.059468991522305462,0,0,0,0,0.6875,0,0
0.014201376778487054,-0.058769046036661547,0,0,0,0,0.6875,0,0
0.015497768019676741,-0.058002149243695116,0,0,0,0,0.6875,0,0
0.016794159260866436,-0.057168301143406236,0,0,0,0,0.6875,0,0
0.018090550502056123,-0.056267501735794895,0,0,0,0,0.6875,0,0
0.01938694174324581,-0.055299751020861085,0,0,0,0,0.6875,0,0
0.020683332984435504,-0.05426504899860482,0,0,0,0,0.6875,0,0
0.021979724225625191,-0.053163395669026073,0,0,0,0,0.6875,0,0
0.023276115466814882,-0.051994791032124898,0,0,0,0,0.6875,0,0
0.024572506708004566,-0.050759235087901221,0,0,0,0,0.6875,0,0
0.02586889794919426,-0.049456727836355088,0,0,0,0,0.6875,0,0
0.02716528919038395,-0.048087269277486508,0,0,0,0,0.6875,0,0
0.028461680431573627,-0.046650859411295445,0,0,0,0,0.6875,0,0
0.029758071672763328,-0.045147498237781927,0,0,0,0,0.6875,0,0
0.031054462913953019,-0.043577185756945941,0,0,0,0,0.6875,0,0
0.032350854155142696,-0.0419399219687875,0,0,0,0,0.6875,0,0
0.033647245396332397,-0.040235706873306555,0,0,0,0,0.6875,0,0
0.034943636637522077,-0.03846454047050319,0,0,0,0,0.6875,0,0
0.036240027878711764,-0.03662642276037735,0,0,0,0,0.6875,0,0
0.037536419119901458,-0.034721353742929034,0,0,0,0,0.6875,0,0
0.038832810361091138,-0.032749333418158263,0,0,0,0,0.6875,0,0
0.04012920160228084,-0.030710361786065024,0,0,0,0,0.6875,0,0
0.041425592843470527,-0.028604438846649316,0,0,0,0,0.6875,0,0
0.042721984084660214,-0.026431564599911164,0,0,0,0,0.6875,0,0
0.044018375325849915,-0.024191739045850515,0,0,0,0,0.6875,0,0
0.045314766567039602,-0.021884962184467428,0,0,0,0,0.6875,0,0
0.046611157808229275,-0.019511234015761866,0,0,0,0,0.6875,0,0
0.04790754904941899,-0.017070554539733836,0,0,0,0,0.6875,0,0
0.049203940290608664,-0.014562923756383352,0,0,0,0,0.6875,0,0
0.050500331531798337,-0.011988341665710396,0,0,0,0,0.6875,0,0
0.051796722772988059,-0.0093468082677149768,0,0,0,0,0.6875,0,0
0.053093114014177739,-0.0066383235623970879,0,0,0,0,0.6875,0,0
0.054389505255367412,-0.0038628875497567416,0,0,0,0,0.6875,0,0
0.055685896496557127,-0.001020500229793931,0,0,0,0,0.6875,0,0
0.056982287737746801,0.0018888383974913496,0,0,0,0,0.6875,0,0
0.058278678978936474,0.0048651283320990894,0,0,0,0,0.6875,0,0
0.059575070220126196,0.0079083695740292947,0,0,0,0,0.6875,0,0
0.060871461461315876,0.011018562123281967,0,0,0,0,0.6875,0,0
0.062167852702505549,0.014195705979857105,0,0,0,0,0.6875,0,0
0.063464243943695264,0.0174398011437547,0,0,0,0,0.6875,0,0
0.064760635184884938,0.020750847614974761,0,0,0,0,0.6875,0,0
0.066057026426074611,0.024128845393517302,0,0,0,0,0.6875,0,0
0.067353417667264326,0.02757379447938229,0,0,0,0,0.6875,0,0
0.068649808908454013,0.031085694872569743,0,0,0,0,0.6875,0,0
0.069946200149643686,0.034664546573079671,0,0,0,0,0.6875,0,0
0.071242591390833401,0.038310349580912055,0,0,0,0,0.6875,0,0
0.072538982632023075,0.042023103896066907,0,0,0,0,0.6875,0,0
0.073835373873212748,0.045802809518544228,0,0,0,0,0.6875,0,0
0.075131765114402477,0.049649466448344004,0,0,0,0,0.6875,0,0
0.076428156355592164,0.053563074685466255,0,0,0,0,0.6875,0,0
0.077724547596781851,0.057543634229910955,0,0,0,0,0.6875,0,0
0.079020938837971538,0.061591145081678136,0,0,0,0,0.6875,0,0
0.080317330079161225,0.06570560724076778,0,0,0,0,0.6875,0,0
0.081613721320350913,0.069887020707179878,0,0,0,0,0.6875,0,0
0.082910112561540614,0.074135385480914445,0,0,0,0,0.6875,0,0
0.084206503802730287,0.078450701561971481,0,0,0,0,0.6875,0,0
0.085502895043919974,0.082832968950350971,0,0,0,0,0.6875,0,0
0.086799286285109661,0.087282187646053,0,0,0,0,0.6875,0,0
0.088095677526299349,0.091798357649077386,0,0,0,0,0.6875,0,0
0.08939206876748905,0.09638147895942431,0,0,0,0,0.6875,0,0
0.090688460008678723,0.10103155157709359,0,0,0,0,0.6875,0,0
0.091984851249868424,0.10574857550208544,0,0,0,0,0.6875,0,0
0.093281242491058125,0.11053255073439973,0,0,0,0,0.6875,0,0
0.094577633732247784,0.11538347727403647,0,0,0,0,0.6875,0,0
0.095874024973437499,0.12030135512099568,0,0,0,0,0.6875,0,0
0.097170416214627187,0.12528618427527735,0,0,0,0,0.6875,0,0
0,0,-0.14048166904528275,0.17895881564545338,0,0,0,1,0
0,0,-0.094695487481446822,0.11582779049535818,0,0,0,0.6875,0
0,0,-0.093399096240257176,0.11097077747323769,0,0,0,0.6875,0
0,0,-0.092102704999067503,0.1061807157584395,0,0,0,0.6875,0
0,0,-0.090806313757877788,0.10145760535096385,0,0,0,0.6875,0
0,0,-0.089509922516688101,0.096801446250810622,0,0,0,0.6875,0
0,0,-0.088213531275498427,0.092212238457979878,0,0,0,0.6875,0
0,0,-0.086917140034308726,0.087689981972471603,0,0,0,0.6875,0
0,0,-0.085620748793119025,0.08323467679428577,0,0,0,0.6875,0
0,0,-0.084324357551929352,0.078846322923422404,0,0,0,0.6875,0
0,0,-0.083027966310739665,0.074524920359881508,0,0,0,0.6875,0
0,0,-0.081731575069549978,0.070270469103663094,0,0,0,0.6875,0
0,0,-0.080435183828360277,0.066082969154767135,0,0,0,0.6875,0
0,0,-0.079138792587170576,0.061962420513193617,0,0,0,0.6875,0
0,0,-0.077842401345980916,0.057908823178942581,0,0,0,0.6875,0
0,0,-0.076546010104791201,0.053922177152014014,0,0,0,0.6875,0
0,0,-0.075249618863601514,0.050002482432407916,0,0,0,0.6875,0
0,0,-0.073953227622411841,0.046149739020124265,0,0,0,0.6875,0
0,0,-0.07265683638122214,0.042363946915163098,0,0,0,0.6875,0
0,0,-0.071360445140032452,0.038645106117524378,0,0,0,0.6875,0
0,0,-0.070064053898842765,0.034993216627208119,0,0,0,0.6875,0
0,0,-0.068767662657653078,0.031408278444214344,0,0,0,0.6875,0
0,0,-0.067471271416463391,0.027890291568543026,0,0,0,0.6875,0
0,0,-0.066174880175273704,0.024439256000194177,0,0,0,0.6875,0
0,0,-0.064878488934084003,0.021055171739167787,0,0,0,0.6875,0
0,0,-0.063582097692894315,0.017738038785463858,0,0,0,0.6875,0
0,0,-0.062285706451704628,0.014487857139082398,0,0,0,0.6875,0
0,0,-0.060989315210514927,0.011304626800023405,0,0,0,0.6875,0
0,0,-0.059692923969325254,0.0081883477682868702,0,0,0,0.6875,0
0,0,-0.058396532728135567,0.0051390200438728049,0,0,0,0.6875,0
0,0,-0.057100141486945866,0.0021566436267812053,0,0,0,0.6875,0
0,0,-0.055803750245756178,-0.00075878148298793484,0,0,0,0.6875,0
0,0,-0.054507359004566491,-0.0036072552854346076,0,0,0,0.6875,0
0,0,-0.05321096776337679,-0.0063887777805588138,0,0,0,0.6875,0
0,0,-0.051914576522187117,-0.0091033489683605608,0,0,0,0.6875,0
0,0,-0.05061818528099743,-0.011750968848839844,0,0,0,0.6875,0
0,0,-0.049321794039807729,-0.014331637421996654,0,0,0,0.6875,0
0,0,-0.048025402798618028,-0.016845354687831007,0,0,0,0.6875,0
0,0,-0.046729011557428361,-0.019292120646342895,0,0,0,0.6875,0
0,0,-0.045432620316238653,-0.021671935297532308,0,0,0,0.6875,0
0,0,-0.044136229075048966,-0.023984798641399262,0,0,0,0.6875,0
0,0,-0.042839837833859293,-0.026230710677943761,0,0,0,0.6875,0
0,0,-0.041543446592669592,-0.028409671407165785,0,0,0,0.6875,0
0,0,-0.040247055351479898,-0.030521680829065347,0,0,0,0.6875,0
0,0,-0.038950664110290217,-0.032566738943642454,0,0,0,0.6875,0
0,0,-0.03765427286910053,-0.034544845750897085,0,0,0,0.6875,0
0,0,-0.036357881627910829,-0.036456001250829276,0,0,0,0.6875,0
0,0,-0.035061490386721149,-0.038300205443438956,0,0,0,0.6875,0
0,0,-0.033765099145531462,-0.040077458328726209,0,0,0,0.6875,0
0,0,-0.032468707904341761,-0.041787759906690973,0,0,0,0.6875,0
0,0,-0.03117231666315208,-0.043431110177333282,0,0,0,0.6875,0
0,0,-0.029875925421962393,-0.045007509140653143,0,0,0,0.6875,0
0,0,-0.028579534180772692,-0.046516956796650522,0,0,0,0.6875,0
0,0,-0.027283142939583012,-0.047959453145325431,0,0,0,0.6875,0
0,0,-0.025986751698393325,-0.049334998186677886,0,0,0,0.6875,0
0,0,-0.024690360457203631,-0.050643591920707873,0,0,0,0.6875,0
0,0,-0.02339396921601394,-0.051885234347415418,0,0,0,0.6875,0
0,0,-0.022097577974824256,-0.053059925466800453,0,0,0,0.6875,0
0,0,-0.020801186733634562,-0.054167665278863075,0,0,0,0.6875,0
0,0,-0.019504795492444878,-0.055208453783603194,0,0,0,0.6875,0
0,0,-0.018208404251255184,-0.056182290981020844,0,0,0,0.6875,0
0,0,-0.016912013010065497,-0.057089176871116046,0,0,0,0.6875,0
0,0,-0.015615621768875805,-0.057929111453888793,0,0,0,0.6875,0
0,0,-0.014319230527686118,-0.058702094729339072,0,0,0,0.6875,0
0,0,-0.013022839286496429,-0.059408126697466854,0,0,0,0.6875,0
0,0,-0.011726448045306741,-0.060047207358272209,0,0,0,0.6875,0
0,0,-0.010430056804117047,-0.060619336711755102,0,0,0,0.6875,0
0,0,-0.0091336655629273584,-0.061124514757915499,0,0,0,0.6875,0
0,0,-0.0078372743217376695,-0.061562741496753455,0,0,0,0.6875,0
0,0,-0.0065408830805479806,-0.061934016928268935,0,0,0,0.6875,0
0,0,-0.0052444918393582899,-0.062238341052461961,0,0,0,0.6875,0
0,0,-0.0039481005981686027,-0.062475713869332525,0,0,0,0.6875,0
0,0,-0.0026517093569789116,-0.062646135378880613,0,0,0,0.6875,0
0,0,-0.0013553181157892227,-0.062749605581106233,0,0,0,0.6875,0
0,0,-5.8926874599532822e-05,-0.062786124476009397,0,0,0,0.6875,0
0,0,0.0012374643665901566,-0.062755692063590093,0,0,0,0.6875,0
0,0,0.002533855607779844,-0.062658308343848321,0,0,0,0.6875,0
0,0,0.0038302468489695356,-0.062493973316784093,0,0,0,0.6875,0
0,0,0.0051266380901592214,-0.062262686982397411,0,0,0,0.6875,0
0,0,0.0064230293313489164,-0.061964449340688239,0,0,0,0.6875,0
0,0,0.0077194205725386045,-0.061599260391656613,0,0,0,0.6875,0
0,0,0.0090158118137282899,-0.061167120135302532,0,0,0,0.6875,0
0,0,0.010312203054917986,-0.060668028571625975,0,0,0,0.6875,0
0,0,0.011608594296107669,-0.060101985700626963,0,0,0,0.6875,0
0,0,0.01290498553729736,-0.059468991522305462,0,0,0,0.6875,0
0,0,0.014201376778487054,-0.058769046036661547,0,0,0,0.6875,0
0,0,0.015497768019676741,-0.058002149243695116,0,0,0,0.6875,0
0,0,0.016794159260866436,-0.057168301143406236,0,0,0,0.6875,0
0,0,0.018090550502056123,-0.056267501735794895,0,0,0,0.6875,0
0,0,0.01938694174324581,-0.055299751020861085,0,0,0,0.6875,0
0,0,0.020683332984435504,-0.05426504899860482,0,0,0,0.6875,0
0,0,0.021979724225625191,-0.053163395669026073,0,0,0,0.6875,0
0,0,0.023276115466814882,-0.051994791032124898,0,0,0,0.6875,0
0,0,0.024572506708004566,-0.050759235087901221,0,0,0,0.6875,0
0,0,0.02586889794919426,-0.049456727836355088,0,0,0,0.6875,0
0,0,0.02716528919038395,-0.048087269277486508,0,0,0,0.6875,0
0,0,0.028461680431573627,-0.046650859411295445,0,0,0,0.6875,0
0,0,0.029758071672763328,-0.045147498237781927,0,0,0,0.6875,0
0,0,0.031054462913953019,-0.043577185756945941,0,0,0,0.6875,0
0,0,0.032350854155142696,-0.0419399219687875,0,0,0,0.6875,0
0,0,0.033647245396332397,-0.040235706873306555,0,0,0,0.6875,0
0,0,0.034943636637522077,-0.03846454047050319,0,0,0,0.6875,0
0,0,0.036240027878711764,-0.03662642276037735,0,0,0,0.6875,0
0,0,0.037536419119901458,-0.034721353742929034,0,0,0,0.6875,0
0,0,0.038832810361091138,-0.032749333418158263,0,0,0,0.6875,0
0,0,0.04012920160228084,-0.030710361786065024,0,0,0,0.6875,0
0,0,0.041425592843470527,-0.028604438846649316,0,0,0,0.6875,0
0,0,0.042721984084660214,-0.026431564599911164,0,0,0,0.6875,0
0,0,0.044018375325849915,-0.024191739045850515,0,0,0,0.6875,0
0,0,0.045314766567039602,-0.021884962184467428,0,0,0,0.6875,0
0,0,0.046611157808229275,-0.019511234015761866,0,0,0,0.6875,0
0,0,0.04790754904941899,-0.017070554539733836,0,0,0,0.6875,0
0,0,0.049203940290608664,-0.014562923756383352,0,0,0,0.6875,0
0,0,0.050500331531798337,-0.011988341665710396,0,0,0,0.6875,0
0,0,0.051796722772988059,-0.0093468082677149768,0,0,0,0.6875,0
0,0,0.053093114014177739,-0.0066383235623970879,0,0,0,0.6875,0
0,0,0.054389505255367412,-0.0038628875497567416,0,0,0,0.6875,0
0,0,0.055685896496557127,-0.001020500229793931,0,0,0,0.6875,0
0,0,0.056982287737746801,0.0018888383974913496,0,0,0,0.6875,0
0,0,0.058278678978936474,0.0048651283320990894,0,0,0,0.6875,0
0,0,0.059575070220126196,0.0079083695740292947,0,0,0,0.6875,0
0,0,0.060871461461315876,0.011018562123281967,0,0,0,0.6875,0
0,0,0.062167852702505549,0.014195705979857105,0,0,0,0.6875,0
0,0,0.063464243943695264,0.0174398011437547,0,0,0,0.6875,0
0,0,0.064760635184884938,0.020750847614974761,0,0,0,0.6875,0
0,0,0.066057026426074611,0.024128845393517302,0,0,0,0.6875,0
0,0,0.067353417667264326,0.02757379447938229,0,0,0,0.6875,0
0,0,0.068649808908454013,0.031085694872569743,0,0,0,0.6875,0
0,0,0.069946200149643686,0.034664546573079671,0,0,0,0.6875,0
0,0,0.071242591390833401,0.038310349580912055,0,0,0,0.6875,0
0,0,0.072538982632023075,0.042023103896066907,0,0,0,0.6875,0
0,0,0.073835373873212748,0.045802809518544228,0,0,0,0.6875,0
0,0,0.075131765114402477,0.049649466448344004,0,0,0,0.6875,0
0,0,0.076428156355592164,0.053563074685466255,0,0,0,0.6875,0
0,0,0.077724547596781851,0.057543634229910955,0,0,0,0.6875,0
0,0,0.079020938837971538,0.061591145081678136,0,0,0,0.6875,0
0,0,0.080317330079161225,0.06570560724076778,0,0,0,0.6875,0
0,0,0.081613721320350913,0.069887020707179878,0,0,0,0.6875,0
0,0,0.082910112561540614,0.074135385480914445,0,0,0,0.6875,0
0,0,0.084206503802730287,0.078450701561971481,0,0,0,0.6875,0
0,0,0.085502895043919974,0.082832968950350971,0,0,0,0.6875,0
0,0,0.086799286285109661,0.087282187646053,0,0,0,0.6875,0
0,0,0.088095677526299349,0.091798357649077386,0,0,0,0.6875,0
0,0,0.08939206876748905,0.09638147895942431,0,0,0,0.6875,0
0,0,0.090688460008678723,0.10103155157709359,0,0,0,0.6875,0
0,0,0.091984851249868424,0.10574857550208544,0,0,0,0.6875,0
0,0,0.093281242491058125,0.11053255073439973,0,0,0,0.6875,0
0,0,0.094577633732247784,0.11538347727403647,0,0,0,0.6875,0
0,0,0.095874024973437499,0.12030135512099568,0,0,0,0.6875,0
0,0,0.097170416214627187,0.12528618427527735,0,0,0,0.6875,0
0,0,0,0,-0.14048166904528275,0.17895881564545338,0,0,1
0,0,0,0,-0.094695487481446822,0.11582779049535818,0,0,0.6875
0,0,0,0,-0.093399096240257176,0.11097077747323769,0,0,0.6875
0,0,0,0,-0.092102704999067503,0.1061807157584395,0,0,0.6875
0,0,0,0,-0.090806313757877788,0.10145760535096385,0,0,0.6875
0,0,0,0,-0.089509922516688101,0.096801446250810622,0,0,0.6875
0,0,0,0,-0.088213531275498427,0.092212238457979878,0,0,0.6875
0,0,0,0,-0.086917140034308726,0.087689981972471603,0,0,0.6875
0,0,0,0,-0.085620748793119025,0.08323467679428577,0,0,0.6875
0,0,0,0,-0.084324357551929352,0.078846322923422404,0,0,0.6875
0,0,0,0,-0.083027966310739665,0.074524920359881508,0,0,0.6875
0,0,0,0,-0.081731575069549978,0.070270469103663094,0,0,0.6875
0,0,0,0,-0.080435183828360277,0.066082969154767135,0,0,0.6875
0,0,0,0,-0.079138792587170576,0.061962420513193617,0,0,0.6875
0,0,0,0,-0.077842401345980916,0.057908823178942581,0,0,0.6875
0,0,0,0,-0.076546010104791201,0.053922177152014014,0,0,0.6875
0,0,0,0,-0.075249618863601514,0.050002482432407916,0,0,0.6875
0,0,0,0,-0.073953227622411841,0.046149739020124265,0,0,0.6875
0,0,0,0,-0.07265683638122214,0.042363946915163098,0,0,0.6875
0,0,0,0,-0.071360445140032452,0.038645106117524378,0,0,0.6875
0,0,0,0,-0.070064053898842765,0.034993216627208119,0,0,0.6875
0,0,0,0,-0.068767662657653078,0.031408278444214344,0,0,0.6875
0,0,0,0,-0.067471271416463391,0.027890291568543026,0,0,0.6875
0,0,0,0,-0.066174880175273704,0.024439256000194177,0,0,0.6875
0,0,0,0,-0.064878488934084003,0.021055171739167787,0,0,0.6875
0,0,0,0,-0.063582097692894315,0.017738038785463858,0,0,0.6875
0,0,0,0,-0.062285706451704628,0.014487857139082398,0,0,0.6875
0,0,0,0,-0.060989315210514927,0.011304626800023405,0,0,0.6875
0,0,0,0,-0.059692923969325254,0.0081883477682868702,0,0,0.6875
0,0,0,0,-0.058396532728135567,0.0051390200438728049,0,0,0.6875
0,0,0,0,-0.057100141486945866,0.0021566436267812053,0,0,0.6875
0,0,0,0,-0.055803750245756178,-0.00075878148298793484,0,0,0.6875
0,0,0,0,-0.054507359004566491,-0.0036072552854346076,0,0,0.6875
0,0,0,0,-0.05321096776337679,-0.0063887777805588138,0,0,0.6875
0,0,0,0,-0.051914576522187117,-0.0091033489683605608,0,0,0.6875
0,0,0,0,-0.05061818528099743,-0.011750968848839844,0,0,0.6875
0,0,0,0,-0.049321794039807729,-0.014331637421996654,0,0,0.6875
0,0,0,0,-0.048025402798618028,-0.016845354687831007,0,0,0.6875
0,0,0,0,-0.046729011557428361,-0.019292120646342895,0,0,0.6875
0,0,0,0,-0.045432620316238653,-0.021671935297532308,0,0,0.6875
0,0,0,0,-0.044136229075048966,-0.023984798641399262,0,0,0.6875
0,0,0,0,-0.042839837833859293,-0.026230710677943761,0,0,0.6875
0,0,0,0,-0.041543446592669592,-0.028409671407165785,0,0,0.6875
0,0,0,0,-0.040247055351479898,-0.030521680829065347,0,0,0.6875
0,0,0,0,-0.038950664110290217,-0.032566738943642454,0,0,0.6875
0,0,0,0,-0.03765427286910053,-0.034544845750897085,0,0,0.6875
0,0,0,0,-0.036357881627910829,-0.036456001250829276,0,0,0.6875
0,0,0,0,-0.035061490386721149,-0.038300205443438956,0,0,0.6875
0,0,0,0,-0.033765099145531462,-0.040077458328726209,0,0,0.6875
0,0,0,0,-0.032468707904341761,-0.041787759906690973,0,0,0.6875
0,0,0,0,-0.03117231666315208,-0.043431110177333282,0,0,0.6875
0,0,0,0,-0.029875925421962393,-0.045007509140653143,0,0,0.6875
0,0,0,0,-0.028579534180772692,-0.046516956796650522,0,0,0.6875
0,0,0,0,-0.027283142939583012,-0.047959453145325431,0,0,0.6875
0,0,0,0,-0.025986751698393325,-0.049334998186677886,0,0,0.6875
0,0,0,0,-0.024690360457203631,-0.050643591920707873,0,0,0.6875
0,0,0,0,-0.02339396921601394,-0.051885234347415418,0,0,0.6875
0,0,0,0,-0.022097577974824256,-0.053059925466800453,0,0,0.6875
0,0,0,0,-0.020801186733634562,-0.054167665278863075,0,0,0.6875
0,0,0,0,-0.019504795492444878,-0.055208453783603194,0,0,0.6875
0,0,0,0,-0.018208404251255184,-0.056182290981020844,0,0,0.6875
0,0,0,0,-0.016912013010065497,-0.057089176871116046,0,0,0.6875
0,0,0,0,-0.015615621768875805,-0.057929111453888793,0,0,0.6875
0,0,0,0,-0.014319230527686118,-0.058702094729339072,0,0,0.6875
0,0,0,0,-0.013022839286496429,-0.059408126697466854,0,0,0.6875
0,0,0,0,-0.011726448045306741,-0.060047207358272209,0,0,0.6875
0,0,0,0,-0.010430056804117047,-0.060619336711755102,0,0,0.6875
0,0,0,0,-0.0091336655629273584,-0.061124514757915499,0,0,0.6875
0,0,0,0,-0.0078372743217376695,-0.061562741496753455,0,0,0.6875
0,0,0,0,-0.0065408830805479806,-0.061934016928268935,0,0,0.6875
0,0,0,0,-0.0052444918393582899,-0.062238341052461961,0,0,0.6875
0,0,0,0,-0.0039481005981686027,-0.062475713869332525,0,0,0.6875
0,0,0,0,-0.0026517093569789116,-0.062646135378880613,0,0,0.6875
0,0,0,0,-0.0013553181157892227,-0.062749605581106233,0,0,0.6875
0,0,0,0,-5.8926874599532822e-05,-0.062786124476009397,0,0,0.6875
0,0,0,0,0.0012374643665901566,-0.062755692063590093,0,0,0.6875
0,0,0,0,0.002533855607779844,-0.062658308343848321,0,0,0.6875
0,0,0,0,0.0038302468489695356,-0.062493973316784093,0,0,0.6875
0,0,0,0,0.0051266380901592214,-0.062262686982397411,0,0,0.6875
0,0,0,0,0.0064230293313489164,-0.061964449340688239,0,0,0.6875
0,0,0,0,0.0077194205725386045,-0.061599260391656613,0,0,0.6875
0,0,0,0,0.0090158118137282899,-0.061167120135302532,0,0,0.6875
0,0,0,0,0.010312203054917986,-0.060668028571625975,0,0,0.6875
0,0,0,0,0.011608594296107669,-0.060101985700626963,0,0,0.6875
0,0,0,0,0.01290498553729736,-0.059468991522305462,0,0,0.6875
0,0,0,0,0.014201376778487054,-0.058769046036661547,0,0,0.6875
0,0,0,0,0.015497768019676741,-0.058002149243695116,0,0,0.6875
0,0,0,0,0.016794159260866436,-0.057168301143406236,0,0,0.6875
0,0,0,0,0.018090550502056123,-0.056267501735794895,0,0,0.6875
0,0,0,0,0.01938694174324581,-0.055299751020861085,0,0,0.6875
0,0,0,0,0.020683332984435504,-0.05426504899860482,0,0,0.6875
0,0,0,0,0.021979724225625191,-0.053163395669026073,0,0,0.6875
0,0,0,0,0.023276115466814882,-0.051994791032124898,0,0,0.6875
0,0,0,0,0.024572506708004566,-0.050759235087901221,0,0,0.6875
0,0,0,0,0.02586889794919426,-0.049456727836355088,0,0,0.6875
0,0,0,0,0.02716528919038395,-0.048087269277486508,0,0,0.6875
0,0,0,0,0.028461680431573627,-0.046650859411295445,0,0,0.6875
0,0,0,0,0.029758071672763328,-0.045147498237781927,0,0,0.6875
0,0,0,0,0.031054462913953019,-0.043577185756945941,0,0,0.6875
0,0,0,0,0.032350854155142696,-0.0419399219687875,0,0,0.6875
0,0,0,0,0.033647245396332397,-0.040235706873306555,0,0,0.6875
0,0,0,0,0.034943636637522077,-0.03846454047050319,0,0,0.6875
0,0,0,0,0.036240027878711764,-0.03662642276037735,0,0,0.6875
0,0,0,0,0.037536419119901458,-0.034721353742929034,0,0,0.6875
0,0,0,0,0.038832810361091138,-0.032749333418158263,0,0,0.6875
0,0,0,0,0.04012920160228084,-0.030710361786065024,0,0,0.6875
0,0,0,0,0.041425592843470527,-0.028604438846649316,0,0,0.6875
0,0,0,0,0.042721984084660214,-0.026431564599911164,0,0,0.6875
0,0,0,0,0.044018375325849915,-0.024191739045850515,0,0,0.6875
0,0,0,0,0.045314766567039602,-0.021884962184467428,0,0,0.6875
0,0,0,0,0.046611157808229275,-0.019511234015761866,0,0,0.6875
0,0,0,0,0.04790754904941899,-0.017070554539733836,0,0,0.6875
0,0,0,0,0.049203940290608664,-0.014562923756383352,0,0,0.6875
0,0,0,0,0.050500331531798337,-0.011988341665710396,0,0,0.6875
0,0,0,0,0.051796722772988059,-0.0093468082677149768,0,0,0.6875
0,0,0,0,0.053093114014177739,-0.0066383235623970879,0,0,0.6875
0,0,0,0,0.054389505255367412,-0.0038628875497567416,0,0,0.6875
0,0,0,0,0.055685896496557127,-0.001020500229793931,0,0,0.6875
0,0,0,0,0.056982287737746801,0.0018888383974913496,0,0,0.6875
0,0,0,0,0.058278678978936474,0.0048651283320990894,0,0,0.6875
0,0,0,0,0.059575070220126196,0.0079083695740292947,0,0,0.6875
0,0,0,0,0.060871461461315876,0.011018562123281967,0,0,0.6875
0,0,0,0,0.062167852702505549,0.014195705979857105,0,0,0.6875
0,0,0,0,0.063464243943695264,0.0174398011437547,0,0,0.6875
0,0,0,0,0.064760635184884938,0.020750847614974761,0,0,0.6875
0,0,0,0,0.066057026426074611,0.024128845393517302,0,0,0.6875
0,0,0,0,0.067353417667264326,0.02757379447938229,0,0,0.6875
0,0,0,0,0.068649808908454013,0.031085694872569743,0,0,0.6875
0,0,0,0,0.069946200149643686,0.034664546573079671,0,0,0.6875
0,0,0,0,0.071242591390833401,0.038310349580912055,0,0,0.6875
0,0,0,0,0.072538982632023075,0.042023103896066907,0,0,0.6875
0,0,0,0,0.073835373873212748,0.045802809518544228,0,0,0.6875
0,0,0,0,0.075131765114402477,0.049649466448344004,0,0,0.6875
0,0,0,0,0.076428156355592164,0.053563074685466255,0,0,0.6875
0,0,0,0,0.077724547596781851,0.057543634229910955,0,0,0.6875
0,0,0,0,0.079020938837971538,0.061591145081678136,0,0,0.6875
0,0,0,0,0.080317330079161225,0.06570560724076778,0,0,0.6875
0,0,0,0,0.081613721320350913,0.069887020707179878,0,0,0.6875
0,0,0,0,0.082910112561540614,0.074135385480914445,0,0,0.6875
0,0,0,0,0.084206503802730287,0.078450701561971481,0,0,0.6875
0,0,0,0,0.085502895043919974,0.082832968950350971,0,0,0.6875
0,0,0,0,0.086799286285109661,0.087282187646053,0,0,0.6875
0,0,0,0,0.088095677526299349,0.091798357649077386,0,0,0.6875
0,0,0,0,0.08939206876748905,0.09638147895942431,0,0,0.6875
0,0,0,0,0.090688460008678723,0.10103155157709359,0,0,0.6875
0,0,0,0,0.091984851249868424,0.10574857550208544,0,0,0.6875
0,0,0,0,0.093281242491058125,0.11053255073439973,0,0,0.6875
0,0,0,0,0.094577633732247784,0.11538347727403647,0,0,0.6875
0,0,0,0,0.095874024973437499,0.12030135512099568,0,0,0.6875
0,0,0,0,0.097170416214627187,0.12528618427527735,0,0,0.6875
