v1,v2,v3,v4
0.68037816615042346,0.41779383288036231,0.49573174823347532,0.23969396609279439
-0.09553959376544667,-0.054338462293329892,0.10913252104230409,-0.54659062545647574
0.59084346004090438,0.28513497532417176,0.17646569531226422,-0.46181279070806081
0.39679197467671956,-0.41082783169483272,0.23806977367932197,-0.018678534879347897
-0.59941480363222532,-0.032646309055289494,0.092017498785926466,0.38267134682729637
0.34652392643874014,0.11404684949032268,-0.06828893249232916,0.61420213622176745
-0.40148481286169918,0.60731538076652636,-0.050705941970750443,-0.24976394184323394
-0.79789002663943576,1.054420285268503,0.11513231400973506,-0.37716176114808736
0.25235015586050474,0.10173145304824693,-1.0135695397839291,0.96228517299923544
-0.089744364448984523,-0.6876142620496295,-0.54279265904257112,-0.22535199433011011
-0.34589132645938164,0.2691326894123211,0.68658089875818251,-0.74949988895032349
-0.35150129742189351,1.2189428911052032,-0.6673433225588612,-0.43773589043765515
0.086652424139895795,1.2945371089956759,-0.05427342065479937,1.0381074867993854
0.50926578717126647,0.71455031465004459,1.0256328048977743,1.8197593956745752
1.5335140376855418,-0.70094596110523999,0.45840165743454381,0.59445830549489109
0.92674039914464168,1.0880540638092309,0.46397333512976024,1.0489857005075716
0.7357885472392669,0.70727020621924097,1.1147953809646935,0.58190831189860492
0.21707336172026426,-0.068858266375846633,-0.63113563691667851,-0.49935809118263158
-0.61407651866370383,-1.010076247507089,0.65240440323789051,0.49294741904821404
-0.32230134207918004,0.24590136296736959,-0.55774004424939005,0.37307019628716664
-0.35858802986243632,-0.18116003785366941,0.057919408077536608,0.088682144826767506
0.34916893585913689,0.48887120275146251,0.52711601011440989,-0.25822138606208778
-0.027453355272305781,0.74553824734874063,0.11063222059129663,-0.13141950655472623
-0.22750745582203821,0.021778549999952102,0.82677572937864474,-0.33800102203386301
0.17051460119955564,-0.14320736018846214,-1.0801468866602579,-0.30125008532808284
-0.80058254372475224,-0.82576548646351622,0.081238413471084125,-1.2043230354046697
-0.061833243069900456,-0.33921611197266538,-0.64440095671237851,-0.35274982985415937
-0.17618688568218988,-0.8663158233785393,0.14482801102140103,-0.21269892447256566
-0.55137382177233785,0.29704540284600661,-0.17283757789228504,-0.11311507881993002
-0.07859717295234156,-0.25141699961540448,0.38074482998923104,-0.28970601640918381
-0.066742021651756175,0.80627550953132254,0.065210941244789239,0.41192198260872709
0.16818026425280524,0.81218563941318034,-0.046749868795541619,0.39704622590123451
1.1182343553296223,0.66137169814919061,0.47395101043557786,0.60389133977248377
0.99425361620856101,0.74132742396259155,0.73519932654164355,0.52619241866890831
0.66822436739709845,0.84273536859862119,-0.71214346600307055,0.16331670309610841
0.54517329843545781,0.82575727984687086,0.14541581042154753,1.3558604190555401
0.078030351372543716,0.13631268223266602,0.94122215258609709,0.040367176053504372
-0.36255072368316066,-0.098123404960861749,0.99000971925416503,-0.11391719797799943
-0.13467303743940565,0.31123586682726351,-0.10217093268730809,0.62995551096069002
0.22115308515304646,0.42513207964819688,-0.034010157738350935,0.84578984733667983
0.87211026329917096,0.73530685918329175,0.49181563470071005,-0.068814787770473229
0.023158977416465443,0.27618012945172316,0.19692004323069645,0.28080675398955229
0.87693831139385325,1.0215931879791673,0.48761389836473568,-0.24535986911048199
-0.097976450924120384,0.35977762475454617,0.73428594647625345,0.52156110054364302
-0.35155019846168312,-0.86645329631805201,0.28879306725265452,0.27735919337942916
-0.098244584970452853,-0.50146266250176486,0.26177185271335479,-0.47778624134516001
0.16223622501712093,0.12967573616816799,-0.2796629995739241,-0.58523854896610594
-0.10497203156027032,0.18686733372134898,-0.14827570172130367,0.19932368804408482
0.037977855540889574,-0.052556594676072085,-0.1898680220950637,0.52637497192077776
0.17391062476025176,-0.76203839168437038,0.74771117888040739,-0.45960910497855995
-0.24587118091544036,-0.42947703828486183,1.2183776167313261,0.46576509850248671
0.47088110341901324,0.66255031792323105,0.1485794352068498,0.41306049596377087
0.15854032860790024,0.31952473116150409,0.56172522026944005,0.3491685870291632
1.0627924807441529,0.7105459323814618,-0.014750182742343992,0.50862521110786896
-1.4051515113297017,-0.34792692115093787,-0.63486807345575014,1.028138375234054
-0.34146727300933366,0.73786555406181509,0.34542063800097789,0.026799749069799761
-0.2741415212531001,0.46913418391201123,-0.93076982189025015,0.35164276648601045
-1.4958057269663285,-0.032568700102204334,-0.060840285179783182,0.22071288223010177
-1.6337477407959557,0.18885733239009639,0.0038324007228108803,0.073721007004309391
-0.5886107365424732,0.78820902057637388,0.79089133114813659,0.72956396971044279
-0.65088308796792016,0.53551459334810758,0.31136444296351412,0.30025765745900512
0.3332902878579766,0.26260755927490603,0.48591132688745264,0.34305764991684262
0.39641881625725361,0.46326643871867956,-0.11015561755724107,-0.26808568235832286
0.68528806300949174,0.098631691633218416,-0.66149627033572311,-0.67812756379945394
-0.26916627932946591,-0.27089860128582827,-0.40363661716857746,-1.2352491100002634
-0.95025767948245965,-0.44578722613771837,-0.6085739465619151,-0.40902652905060882
-0.36869987015430672,-0.12108080242774549,-0.17864391350669423,-0.41260741495031095
0.061886276843823529,-0.3688230246835138,0.24525983842545035,-0.46725169386352461
-1.0348534401828726,0.28871521606097994,0.14842790706833867,0.24516609965338376
0.054702804513876158,0.19588987103941505,0.60566283323637804,-0.67928392718135699
0.45852998550626456,-0.64351903173505798,0.37768562386848026,0.094984605745591727
-0.4263367038942612,-0.13003345759394735,0.5398136753608731,-0.54320845093775294
-0.29864093706478112,0.13547655510086754,1.0521945720339394,0.48361476208998622
-0.022984077827353885,-0.06615923880591186,1.1450840260928672,0.3925542444179787
0.22270358432034737,0.84190738279817134,0.059590815515695339,0.77230302764181169
-0.64169022589092306,-0.24545226110127827,-0.10317703780038798,0.7550160613550353
0.2743924653893724,-0.29144616039484772,-0.0760208458885408,0.3489762828374704
0.53015759678404317,-0.077927775340173394,0.76159549299387619,0.57951569617825482
0.054685931815464467,-0.58112658409793727,-0.084891081613770736,1.0703211527752041
0.59678999272812883,-0.58906325420291283,-0.73830042464607692,0.4062371582411145
0.20834810946580107,0.13232720182379798,-0.3294794944123966,-0.054730838126352543
0.64921833227242198,-0.054864889536004199,0.45672278513078723,0.53261008691138256
-0.2485377875877488,0.20251079835088054,-0.088743555587123893,0.162710214268703
0.65962162306207539,0.25034635486125306,-0.14849970025954684,-0.31035846804043588
0.5429179637824455,0.35909057414219303,-0.22731112550199567,-0.097803787281015742
-0.22045890006575167,-0.77926071168478428,-0.0950838118368455,0.076602099068360352
1.472063829789851,-0.016197361175883329,0.48614295567899174,0.36535077049354087
0.55837047091795167,0.38614624920662743,0.14178710709391101,0.31425179506958045
0.14050012367631792,0.083223693861210341,-0.15162995563483056,-0.89107668761926218
-0.27904774750329397,-0.18402150357906988,0.36056590433188979,0.2827271518363606
0.1326979712201633,-0.15017034449074029,-0.28008961317190861,-0.62294977537614971
-0.18333912218783285,-0.078541758063675096,0.4292444263123345,0.44225724867878324
0.42770106232398875,0.063063348863012278,-0.38443126330141536,-0.45531006513949202
0.42193813652450718,-0.28808505583492544,0.37735320384871734,0.14877741762124364
0.7513518590725341,-0.44388300415160636,-0.16510296281993106,-0.16607286571171748
1.0233908541940342,0.39206718472987712,-0.12309190303227101,0.99044986239780763
0.33114910780069112,-0.37515514983249693,0.74449337761387802,1.2010110729928911
0.78213635105694346,-0.090530482335597143,-0.028158847327238501,-0.01503681524837136
-0.28336602777556463,0.77638167097933741,-0.20867577370331397,0.24125787884730354
-0.31362872449951257,0.73568647628183315,0.45581236067645581,-0.19004390094654378
-0.42960344646499826,0.24932927513753778,-0.39785844260162329,0.12773709491078986
-0.25838751822003525,-0.53485874203082073,-0.24783007651988762,0.082656223798209749
-0.29891482977670947,-0.36014983356003794,0.33197261867821487,-0.05344437938478469
-0.19200492191704804,-0.57086497069509268,0.10830217252542076,0.15817504707243288
-0.20367021801973037,1.2755425564585134,0.5556050490494272,0.27589509965354347
-0.87188082064765626,0.45913386817488766,1.0938034208462395,0.5825065098525718
0.6699525326064073,-0.25582470381264955,0.31907208361240963,0.53943716659887819
-0.15350429884268868,-0.02412932407005984,0.44516039720029743,0.068617368809349572
0.60794404871593988,-0.56301036414080008,0.58418122883708812,0.28973480813842523
0.54568172344947485,0.21186737412460679,0.51696348515374879,-0.23098574626777252
0.51333656980494724,-0.35840066623675221,-0.096880453039903308,0.48428777147921126
-0.26214371839572764,-0.71874115068570421,0.14271397877674996,-0.32148025547260062
-1.0914292338191809,0.60899503233559638,-1.2475903763295904,0.094991068748911972
0.28276884325641066,-0.0058894551487193303,-0.38200690185366915,0.22822751347969533
-0.20394892207932017,0.17682113236757635,0.29300283136491823,1.1384712192463899
0.055112873222352712,0.24183128851977134,-0.80157686768893244,0.70272304688499854
-0.030643930974094943,0.30634574716982538,-0.36566926551053586,0.39436437895925514
0.15518779647306069,-0.23045615279976372,0.428651913715282,0.55609168289529842
-0.67553182170247605,-0.13379002604759541,0.96716808748606298,-0.092270024115777338
-0.31031255901040294,0.31733392876613131,-0.76475471894815394,-0.62485647614138562
-0.12938412679013667,0.05913383990645181,0.39665172970239704,0.90962032735297793
-0.46178583224614578,-0.52081449763724608,0.79441772655656728,0.074686502747833949
-0.2015389854617875,0.43141046221960105,-0.6104511096940699,0.1152883945775811
-0.54251108801215953,-0.25705768543811341,0.038381603035108403,-1.0976268572572938
0.18472384909414361,0.11512377734955684,-0.055323477306378856,0.58597799483376867
1.4221845477052542,-0.078619701730718833,0.70565281050419404,-0.36540119747981459
0.70176098498722805,-0.24999176620232091,0.85100614894656812,0.56521433284392542
0.73183763214415209,0.74470833151748916,0.70892312024469883,0.48102616629655548
0.41859559012710001,0.24080586442706975,-0.078604818684057387,0.10747460445286738
0.43815166900681213,0.34257163368580962,0.27154770658239991,-0.14816944857170028
0.6035003937922776,0.49559852906572943,0.8241320833944461,0.68970307250030916
-0.24877264245979636,0.31749771004198468,-0.70690879453486732,0.32160017047388373
-0.046539849562846715,0.25695997661848402,0.16745113505950918,0.2023912090748437
0.44233388401425111,0.8935117391748556,0.9089651684906459,0.64962847522974276
1.1070262611288499,0.51468498474701474,0.83960300138115052,1.1436910700035539
0.36267707558103146,1.0656225086423889,0.51861212861195083,1.6184460871067488
-0.37086584821835872,0.29370274200428559,0.6310716501643715,0.60210588107319096
-0.36770981439661066,0.11690688108357161,0.70723710496237224,-0.033596141820055492
-0.54154225431752856,0.82530529646563755,0.1019898126422808,0.017719277848393056
-0.55828708533994731,-0.82305459331135689,0.38647928750717686,-0.83310967689361515
0.64229101545652911,-0.84551342802292795,-0.55790305011815189,-0.19230295450985335
-0.04170878282569046,0.16333912067232143,-1.0133281285767621,-0.42527370761999844
0.19368341943643488,-0.14143733586111779,0.54016612165658151,0.31391582551051084
0.13901602555194639,-0.69411322976812395,-0.18435479421237463,-0.27150938755833504
0.089854705626164766,0.055813568712138995,-1.2206742576134626,-0.18603614389995426
-0.30480891646096114,0.31592881098014441,-0.16664060794869684,0.56603343427700237
-0.15583005430432206,-0.91553029120385532,0.2639562714963658,1.1535220987823196
-0.46894762487062047,0.12545703652727541,-0.42277868748619307,0.023305739183478946
-1.3593281630490819,0.19128080185688123,0.45169241901197288,0.24382697384229413
-0.45056519117292076,-0.53669232761601282,0.64333091877914428,-0.65363154110515576
-0.12885640123465664,0.5094755242372857,0.38924177884166994,0.028387536922891504
0.43712355716949847,0.7513096363272711,-0.20481741062999567,0.066693292308974361
0.064162462356323641,-0.32047430223006529,0.027498594450900547,0.33306300924201376
0.89027171945815631,-0.72158228835130267,-0.36824885465296114,0.039123737155331739
0.076781428995611856,0.10327355588239545,0.42161137875478616,0.25344339359397233
-0.04258992342300226,0.64262760772877925,0.091432704473740231,-0.031969696984806915
-0.91575332149151722,-0.56978027893562166,-0.27338307422106656,0.43437940647687207
-0.51729391533334357,-0.15227648254866658,0.92974938718180034,0.10481483187979623
0.72644287299647237,-0.19223938352307252,0.27855708967876863,-0.5740574278131283
0.14025482639584436,0.36921580937954573,-0.055164044439521331,-0.69386627795585865
-0.019440076796567465,0.29869488753272688,-1.0332739153577313,-0.47543236504297082
1.3924387911958211,0.86271488249956285,0.46925802422266299,0.56227394424586263
-0.040390743820182762,0.35885581968052055,0.64191176918406134,1.4001997795085672
0.80385983570633668,0.69759650685942243,0.58023060199452758,-0.22741162021464884
0.49314947180601049,0.45157547175007079,0.60704588697130624,0.43794758492934427
0.59952724980060956,0.32478182431486091,-0.45931398348606062,0.034075015226009642
0.56249455584325636,0.11582715415275824,0.54411504582900905,-0.41285686108054881
0.88843662481987939,-0.30353469336002903,-0.12552443389040902,-0.53077637439887471
1.0160334367498502,0.29734714967606146,0.18589478682376159,-0.02829673353097803
-0.18451555536941305,0.30916777439904447,0.59673501420866404,-0.62313935016318622
0.088267845766483,-0.30871025670742791,0.4338790085240648,-0.076904437172678725
0.17183840921510846,0.40818188538643008,0.24595779425975153,0.5870163434013318
0.2958420820379935,0.31604747666717142,0.71870899553973155,0.036359028992897086
0.24948960843487189,-0.65927934906189645,-0.051171969677577395,-0.35639019293813778
0.087572406576084422,-0.15610893746206039,0.086767136328286157,0.46908469552748688
0.66241293620521224,-0.19541327747098003,-0.55836854419165904,0.81851019210686182
0.97942285850952193,-0.060878881720537042,1.2986324733679584,1.4056440915083437
1.0769513922758258,0.62229238182721602,1.2485417991174987,0.39849984715069386
-0.063282440905887138,-0.027702007985786925,0.20891915858421062,0.22085350660544273
1.3478466802260647,0.2152746398247406,-0.29412781403023047,0.30956575025429761
0.26943332011588039,0.35888694276427013,1.341484380948212,0.81705348163716984
0.68001016724275631,-0.14234860412572975,1.1868416760424088,-0.22213277663309688
-0.040358496210378875,-0.53967644235713519,0.2891738106372117,0.51761008470262992
0.55687539895513105,0.24051676564179852,0.48834413080810868,-0.60988220658280956
0.09327614101711576,1.1560524302792623,0.49845176769753802,-0.028918688399964532
0.65205144109174051,0.58128126808187575,0.38068991222832477,-0.035340950079151945
-1.2588035457966178,-0.26746559898850891,0.57112483231680056,0.71012334615758277
0.14285445610793018,-0.59577142401038963,-0.85139841049689569,-0.41968240986843575
0.66635467497276968,-0.38523744390706316,0.32512057595137345,0.92550541757231242
-0.42684822352306195,0.7564437549301124,0.24833572465103421,1.2657450515664772
-0.79864869189839405,0.5245905092126627,-0.75615549975058527,0.73852686624304942
-0.33125900153258914,-0.65615247358287243,0.57393652693915564,0.5750457193962204
-0.082874912237425491,-1.1009655513703109,0.11407428311786319,0.95379922278645957
0.46696230318119764,0.45820634088781265,0.16204626004838871,0.10393394178237936
-0.69296020681465076,0.22046560936396661,0.78158330057803516,-0.015461079038165237
-0.31097437801432981,-0.61989872824195846,0.72563346160895037,0.273339253808145
-0.25450422382673221,0.15748904698334748,0.67089017296933018,-0.0007805603937568184
-0.87194645469315002,0.54961349233970846,-0.095411217468357762,0.50031964291846842
0.43116776938311674,0.74883256376650431,-0.024361650302856669,-0.51072414606294625
0.70994010002507246,-0.61558663982068984,0.48612468288479749,-0.053623248281242597
0.030640273252712069,0.74709381589982793,0.5023123912990739,-0.082159677050978458
0.17067874163824687,0.44482006274077124,0.034449456817703894,0.63583645690562163
-0.45018790348229704,0.35779458377006507,0.19250835868113933,0.16957705083599223
0.42547318782182614,1.0022352892343376,-0.82947296897427147,-0.46730237562502097
0.46232482952830234,-0.60271346885203936,0.96157490142947111,0.42445061613182561
-0.16079495004806099,-0.14603449077968289,0.057526936322401079,-1.0113146452150898
0.1635966093247386,1.1000138426573867,1.0403021883943504,0.37695617738618542
-0.52625067069499787,-0.003241613736605975,0.025650892308572704,0.8293785053875945
-0.25686582443170164,0.2516333216393104,-0.22843926697024286,-0.1982289749171246
-0.33277111823990269,-0.58135531512437177,0.30221483854067233,0.018981351191406093
0.1039285401656353,-0.10277461454403444,0.11836314483666278,-0.14846612711113777
-0.028413119000614426,-0.50763996866792216,-0.14707543467530537,0.31426364458658573
0.57663369785307705,-1.3126578356297109,-0.61891842515423878,0.1782189738521234
-0.54053835288396823,-0.36353291437458535,0.40131293941718765,1.1389460628479708
0.20351995196439759,0.23831117956163178,-0.012595995390201058,0.2413583004268488
0.21282410769601412,-0.023611808181693984,0.28471166797916408,0.018272082529162015
-0.064584908447719178,0.44441294169733292,-0.1986132680251522,-0.16689581673704346
0.49312278167925883,-0.037418290848117874,-0.0027128140907740975,0.61163305213131747
-0.027798639797141922,-0.34747322349936682,-0.359997900417247,1.1412788355803627
0.79440562476856469,1.0718804939188165,-0.18492153268600128,0.25972821180391081
0.15933178293717376,1.3495651747029078,0.21241463108639999,0.636469516670224
-0.12817842737046842,0.755500889876212,-0.18606863317351646,0.23744453984162561
0.22556070815801496,0.9594824579829857,-0.58350987227104667,0.07231624782242646
0.3838306004398484,-0.26191791866264524,0.049956680703721057,0.39106875368285882
0.40498223151038082,-0.23672902625789699,0.37200540556391892,0.60812546309707316
0.80905195015835252,0.080659164573277875,0.72587778814335469,-0.039435186714990078
0.5830940010537633,-0.50745336723472068,0.80681350981181177,0.054814350414109786
-0.42094738605127313,0.65506428120889848,0.83754122784773255,0.49194094526569726
0.097204527075326286,0.8987255077101497,-0.057045198729848312,-0.25557462498188732
-0.1284989456402203,0.75971283908341525,0.033026334874149701,0.65494466273863838
0.57561219391740104,0.018655167272923157,0.1380234693079401,0.26932653064598172
0.10294134851171283,-0.020315103884407507,-0.015453167312553487,0.31340283740257152
0.074442012282936218,-0.28877063327261421,-0.052723013151338059,-0.4644376134513063
0.23101667423157174,0.4813725619012531,0.086022603477401594,0.56702072475871912
0.11507075632550218,-0.13771840630819232,-0.62835408814561045,-0.031838299271175846
0.12048454354813137,-0.40548556526814283,0.46060411545119295,0.1762714395237199
0.26919234419476834,0.00039525528945955068,0.12673329269724493,-0.9167079494579734
0.37611706481892626,0.21099879304277783,-0.0080579835990403498,-0.42496330230362622
0.92646705265175489,0.66710952587458139,-0.01563168253970703,0.8115159783961664
-0.33389149887812852,-0.1038410636264769,-0.46467200926510566,-0.29013530347335137
0.050512992008099243,0.62506719365754293,-0.65503057537823495,0.91925363793653603
0.13199675726005025,0.29076830053822528,-0.30266063603521265,0.14289691717644332
0.015823800012928005,1.0187425627144249,-0.33809776600070629,0.1315972729075261
0.083368934076853266,0.50838303764036052,-0.417316471141573,0.4050858814701237
-0.19185401408813044,0.8810578555762103,0.67250868850724543,-0.24322661647838378
-0.31346938907190747,-0.026866989561799948,0.48893177052041115,0.09825469925357333
-0.28034807773898451,0.53551626945398667,0.3119541928797378,0.27454264573789339
0.066069432951895768,-0.15387504143680947,0.78698142829270146,0.76718874601651255
0.89506755359537427,0.14333900040906564,0.050652934134232663,-0.48629077094835943
1.0694212395609022,0.82607043302136574,0.59292565828395882,0.042002421372875909
0.66076391778223487,0.74343616792472345,0.17478131029107813,-0.66730386731367708
-0.57651652090189676,0.41461443101434081,0.73110507867191377,0.30987560734782532
-0.74671322459596268,0.10460975017505739,0.24992993256180079,-0.88663047130365169
-0.2975722022034652,-0.7910232437434418,0.28348994737809524,-0.19991626199599116
0.22002532944850656,-0.56994077476073368,-0.04621567705188627,0.71271525155317905
-0.79419757001870406,-0.67936394131649513,0.86791323922521235,-0.22658777256031926
0.27342509711699614,0.06866296448153128,0.0018503553191335786,0.30082851073402028
0.14963568353700593,-0.74501975703531909,-0.026142296915215982,0.03810346677262616
1.0982059687324455,-0.90974225430579203,-0.086510194072040303,-0.20187310535786279
-0.38665582314263547,-0.13454319768991785,-1.0246633388525554,0.34747895322233352
0.28618854559705248,1.0432944209374939,0.086020774526097576,-0.22300120616872354
-0.49223610797736367,-0.042584185447867628,-0.40313113522218175,-0.24814647816510982
0.94297123382970638,0.4132420858092456,-0.40040265730018976,0.42010243195205671
-0.36107668195658321,0.52271250432865624,0.98838099623936937,-0.11627619010200367
1.4018537219518601,-0.21654599956703899,0.40897521228417993,0.50804180678155098
0.065497893384266814,0.5760954743908403,0.9116428996594188,0.058308094719303954
-1.0031187389257932,0.45608579520984438,1.1629845049091112,-0.39583315783568496
1.2956887185668771,-0.16238389020445054,1.4600890271182865,0.86382767662818138
0.32282610124727024,-0.09676596375232524,0.67514186571199386,1.1517769834268816
-0.26021232938494671,0.39860993506740244,0.88521841782473776,1.1730798703153971
-0.43601862125523022,0.048357533254355531,0.45876956290237758,0.85849574137574158
0.99250344346926545,0.4909977041624794,0.55472045158215633,0.40129649863945582
0.11031736321546426,0.39631811356200275,0.96774302487498731,1.002796157338389
0.1836888111430845,-0.47381252297662568,0.53858080239761774,0.89893889768631197
1.507868512668652,0.35291762307703267,0.51194700210655897,1.2409322828808971
1.2898588160651117,-0.032046749412750125,0.34166003610362916,0.84931241499797938
0.75399369919043191,0.50424532651041165,-0.98377162190646406,0.027741024241304979
0.36361892230403492,-0.2042731346541877,-0.835716327833254,0.72913832773562037
0.59019853007727274,0.69340341250846227,-0.37853047774374005,0.10355436340768204
0.79892784804167427,1.2845250449779173,-0.78888238641916053,0.93692876564481886
-0.25950489446061165,0.55150187564601427,0.24052413642309134,0.17171921194499129
-0.1023830573686908,0.71286298128401271,-0.65030650388572475,-0.53524847014655341
-0.27036163383223927,1.3327303684156404,0.72201663527113891,-1.2271206856727512
-0.43432481765165726,0.44076387671416561,0.53836221647622251,-0.75216930979040608
-1.3465362225720778,-0.7963078459110744,-0.88319517844531759,-0.8255644333600205
-0.22023153882929775,0.45298059499047605,0.25796296908488608,-0.25684009413210152
0.041626930363215103,-0.10672472679223079,0.082263278367861806,-0.35569651080844744
0.57804833698265468,0.39962738332097741,0.22812403377889526,1.1582018466169091
-0.34985642751257007,-0.23278426584135595,0.32086436343690627,-0.3241264189265865
-0.41700423723083679,-0.24952539086731296,-0.12294571600045315,-0.77093278720425695
-0.079203271659956886,-0.18936446419863748,0.021642899378796109,-0.20242843802788249
-0.25581588594017679,0.27052097764749922,-0.63357243836836941,-0.53446002948739502
0.24381280266109787,0.048430943409639098,-0.29697438856020575,-0.8329609561954695
-0.32766170144427742,-0.3025440251580509,-0.41597895912557442,-0.23761461418893393
-0.68798299251879991,-0.19539155421335813,-0.13229143139156316,-0.53171087032396591
0.37748576918157789,0.7676391840984591,-0.26606647274143314,-0.34705977833189766
0.17758469883720124,-0.43824814607942686,-0.57023199958665705,0.32258451991113424
0.17835433206165729,-1.027025506021922,-0.82298995268860065,-0.71252747103041536
-0.30272605321187418,0.28206962481716835,-0.025557792467492624,0.31592923558274522
-0.12422001405925195,0.052815802091811755,-0.6538744007005286,-0.27754823097257758
-0.35383609973918712,0.26814909192267888,-0.70479897334711428,-0.10181313206134474
-0.70204113839311399,-0.14996655820029298,-0.43512168050267735,0.46574896754209388
-0.0059461257995030437,0.12424565027466031,0.29600169406225063,0.62163115556129611
0.090049696592201786,0.086724082554419352,-0.79563705984506305,-0.148205932237058
0.45437639200900337,0.44467831970446131,-0.23519731692663293,0.18930323159293111
-0.79168528012660244,-0.1329816872634304,-0.094872249545579268,0.77316170519634431
0.35510829795072058,1.0790454208524731,0.69037076497264604,-0.010672460714451659
0.51287575264691576,0.58839947653714475,0.46199168028833681,-0.17120825282626673
-0.85302143260037766,-0.17131789380222789,-0.26114216985543198,1.1095157776241673
0.16664866777750337,-0.3508059396596156,-0.10629537544017068,-0.0630044985333722
-0.45731853911017645,0.15885769190496973,-0.8134758128774684,0.72988580319760787
0.044209745768964623,-0.090438082804785852,-0.71795154388326843,-0.11787171415024184
0.25364954000747642,1.0140257307739993,0.37899809570538251,0.50881627039826283
0.7629401297570072,0.2368473667897798,0.86498146640280404,0.88737611129318195
-0.20746941960856963,1.2324167154797077,0.74519605523735466,0.45545382442509708
0.81356992648401794,1.385384241411225,0.92715010907577922,0.016112580774382185
0.73943648620990743,1.1343980067670441,0.70835299073228997,0.49858476315106337
0.42398652717161567,0.044261001699802849,0.24023773205942955,0.14354544596802452
-0.38251588843562889,-0.22844420399391138,0.29743114636644707,0.45263285453502922
0.19738262221854927,0.14189510645024322,0.67584318461534854,0.097083717109342382
-0.013171200908810687,-0.49015590648469076,-0.4630128272211963,-0.27969500162910771
0.094816057049710717,-0.54330663208263952,0.67273107184817871,0.49186098342726542
0.87494837838948114,-0.15138518921215233,0.47539904083321505,0.42885781127971789
0.58562805525286454,0.3292453525723098,0.50848454151431632,-0.50289392954055911
-0.19448191172266277,-0.18453094686909727,-0.080304169624261346,0.80258378297616384
0.48447682150401511,-0.047499940858338807,0.29672527839352641,-0.21705881284131973
0.30341716231175098,-0.39491595295005305,0.64412367447228747,-0.16369866918778447
0.2704817911193701,-0.81998414086863114,0.88382899621267175,-0.14863224283173951
-0.17440243856469448,-0.8937709698519003,0.60665735464258663,0.93257729511677157
1.1672771273300542,-0.69017049095958682,-0.51850189710628181,0.33185669241074023
-0.14677829158156813,-0.0086794895384134096,-0.041288328381543282,0.289569593311225
0.25819197940425953,0.63931273842513181,-0.39594191958908254,1.4946156307080147
0.79300980080374472,0.68087372410051961,1.4875226203182834,1.0392300790473459
1.0895701410538536,0.53781063758911873,-0.064933031715522838,0.3005710604147222
0.89246535811338013,0.029970139916761729,-0.17563343174827808,-0.7401853692955368
1.1001734444064397,0.18640852070169658,-0.58139109528726096,0.082010829707062916
0.28689429849242015,-0.040344912985175077,0.46521454589483391,0.28495636902247573
-0.2535865500140061,0.067975537033231365,0.3903765864982921,0.6958824536992182
0.30520681360104229,0.21083715839503231,-0.41399134250405445,-0.40630790376658588
-0.70083615953813683,0.16094131477494994,0.020833808700139386,0.30513427184864972
-0.31763155856577324,-0.29360866449332035,-0.17494304602539826,0.31722709165978702
-0.35973126213757733,-0.16454724362595408,-0.33272516236697219,-0.2895488802744246
-0.61184470967406768,-0.74936056774490289,-0.062639418202528802,0.41849228915069869
-0.021876701970792861,0.91365862252944197,-0.25957004225980662,-0.26260823371269509
-0.29808330547734929,-0.43162549634597391,0.25871870655920431,-0.42036193264535826
0.23582858846945542,0.1343514929019573,-0.78341057041937934,-0.40845695345942767
0.10946131151490759,0.32699994284010048,0.36966936717748422,1.2710723431697699
0.024070744574198416,0.08545494162216874,0.26401490180727177,0.46078377888386668
-0.13335136747542853,0.1709664218486367,0.79344202689898813,-0.079575922454349302
-0.33797775212351339,-0.16893299268455458,0.33674774084984654,0.84140480140148799
0.5756345943097575,0.42127919630450839,0.85951341934120928,0.38439106692409702
-1.0188254606523341,0.6699685748027352,0.35711993942924897,-0.6436299177149778
-0.32749631179899313,0.28790301612931696,0.68540378992455486,-0.80647212388016176
0.037421771990679809,0.047548504606362979,0.579949981045072,0.47321432265952373
0.072302800675336343,-0.24625717336423616,0.61145063926976029,0.82336726403467686
0.13556987410325286,0.83194069078333921,0.57907542228655207,-0.053107704343502815
0.061592132783275286,0.10056592102664769,-0.13959179388347059,-0.2930231992585387
-0.0061538720333638025,0.0096276889595087872,-0.45819993306226819,0.71713390841081059
1.1870725218074425,-0.19342123906870901,-0.068466551700714251,-0.23891852436270203
1.2857968208501833,1.009880597716754,0.10008859405151287,0.36169198555538912
1.3046066125925395,0.27844051682003806,0.073612473336813825,1.6506794758846715
0.62346090468002502,-0.59024961624339523,0.58834311719415278,-0.27001581803557506
0.84007943208244307,-0.2121418964056829,0.21551309076591804,0.47477413571480265
-0.096602030312093634,0.17816388120469603,0.0044508469338210566,0.7955441079152703
-0.37844367058690265,-0.43190117004150425,-0.7282502282449248,1.1756496627329844
0.46595637945718338,0.33038465277007956,0.60158697586880416,0.082613014847484512
0.17743955496931024,-0.53243803615991958,0.48754992386103757,-0.20425031064831417
0.56492098605203622,-0.085623130897155952,-0.27585522747087432,-0.40660086465885686
-0.22574582287406761,-0.46431814041230235,-0.30121836297175331,-0.37337435598938734
-0.16823863685738394,-0.23720996091992547,1.0155120000764981,0.47388839063400606
1.0604011167169736,0.42983170257945336,-0.053721081313396729,0.099157883249564524
-0.59542422099445447,0.55210197005242334,-0.27190574677108847,0.64883333466870496
-0.063122989270185503,-0.53264704204720381,-0.043720546097988595,0.4694689495385227
-0.31757026156749396,0.24871247362168694,0.62259968104157315,-0.13840063107466719
-0.85929279568262928,0.15177078989237741,0.38277687108546754,-0.098834699308096297
0.12528223963659771,-0.48739823312044372,-0.54272615036070204,0.26045838022787482
-0.13210965530416532,0.47836911072572552,-0.14372922639676039,-0.005457926978892455
-0.37935296181403083,-0.69062558920358685,0.50911726950404035,0.27783872621385908
0.079487941094956202,0.38905751327100546,0.11765372207227592,0.38655251039374217
0.22552586504559302,-0.60917438083918707,-0.039733473538028904,0.13974256391821527
0.043459827092886663,0.1765131014039035,-0.45988158694076914,0.4372744073779799
-0.81502988179985369,-0.10286511633570294,-0.11566326041843472,0.93927565232116694
-1.2039532488000635,0.58488891411760568,-0.82652221304076312,0.86161568212472217
0.10389383476220365,-0.26484417141624472,0.23476097080878089,0.10320890837372437
0.15266242188445778,0.083888950444092614,-0.33934331690667796,-0.38769099047692746
0.3238729031290361,0.15932876033914176,-0.18813766104661889,-0.82508169346027749
0.30036040206550174,0.50173258440999224,0.15752582941014728,0.50192187173556846
-0.034834612699914447,0.64501425405154256,-0.66910408648915476,0.62962992648039229
-0.063771572478022162,0.82178043221528607,-0.24758918790055534,0.087346055763515396
0.4000640669220617,0.28530585666578889,1.4060961472095717,0.91174963610331317
0.50169024765142034,0.36634350175011782,-0.55586405044365428,-0.60820413481735014
0.7852437997836117,-0.34713886701817243,-0.8727893106959197,0.91158252458463196
0.547138770617698,0.082918801767810912,-0.36133920482531651,0.32850882664444109
-0.77312288793570638,0.41591895247614818,0.12018337613249837,0.26893638451060614
0.021166708013653196,-0.2603929526753046,0.50335515869380287,0.64330906173007518
-0.29991417866117986,-0.36700228529766349,0.47772427296666009,0.13186618903429748
0.24246747290168719,-0.74835613892900976,-0.61601065564036461,0.91115899929335398
0.64005221316343874,-0.26116185249819379,0.18850630281096006,0.017529465428892277
0.50466150775174667,-0.56699797363752191,0.009989766923447968,0.56331401658248104
0.99510135804804734,0.1479103571239524,0.31966014783447666,0.4774333930467845
-0.27196304777345071,0.045641495215486855,0.045545058704391322,0.14434450453013981
-0.31023028928031343,0.4009308312513824,0.20443630051139097,0.29134072005125988
1.5846556645936052,0.77699140535909272,0.90684546449043946,1.1792686338670721
0.39834781819080983,0.94640926097990807,0.80861314558174646,0.43617229868804697
-0.89813797830293107,0.80428888316510294,-0.0089119700141357949,0.034733609635770046
0.78602653109817067,1.1398216109934598,0.80408037796313603,0.23121168937419281
-0.21786723552143375,0.33130596584926475,0.51352261750067685,-0.47472314707593027
0.071074139408574835,0.083515815891791412,-0.14363425900527024,0.69244190636004266
0.47756521187583828,-0.15725740304823493,0.54752405977767626,0.54870244161733428
-0.68425154869859872,0.22370043380451252,0.019728493372425326,-0.43698574977077009
-0.063907901848707649,-0.089036142992713466,0.0053638914160202555,0.43616781682500244
-1.2367916355815169,-0.12025654410451206,-0.3056241974320989,0.037504469372519472
-0.043149486801211279,0.45619695094520463,-0.20324722463162515,0.19553345792202459
-0.30475893018458866,-0.77324643731911813,0.1208618671067518,-0.093682273593573423
0.2472517224393774,-0.6747576853391779,0.28387102014700422,0.5399311324016064
-0.046961396894362128,0.41938960899949473,0.2540244196599345,-0.7482309025595455
0.34594250588132108,0.8318913874782361,-0.0065112710252245437,0.5373729158184225
-0.75097500399115014,-0.12052347491247786,0.089705011810888607,0.070813259362697861
0.57115616251176315,0.57633962828253882,0.16868881886610546,0.2180813394016437
-1.0619298857373298,-1.3141077608422569,-0.35781760234704546,-0.015256617884983337
-0.56805301470732084,0.62333757441863735,0.2969663827767649,0.57634209261381775
0.19095236601607291,-0.039998885287337617,0.67077067748592822,0.85593718762863191
0.42879763781825847,-0.11704275782094946,0.68962698994487248,1.2979504397934445
0.44072019392721462,1.2309880698035269,0.65087241538162977,0.73502349413169099
0.73108339639465336,1.2704017699630683,0.50423848823531214,1.0730627880552217
0.31245498254860848,-0.053472670127043376,0.14501568934107245,0.99432871693520186
0.16167497176331752,0.16872244445714693,-0.58423537607251974,-0.12284375610742049
0.57224989845782293,0.7383364672709386,0.95397827112931211,0.32108528445814694
0.3312778281556486,0.36436455226983899,0.38605665355477253,-0.19378304757049664
-0.12383024174180114,-0.035162373446185724,-0.1325044671868234,0.48411461640798115
-0.21437402453868554,0.069506051453751785,-0.57120208192937982,-0.24956022388571156
-0.31664134186985959,0.06973310218953141,0.55517143271782721,0.38704844737291078
-0.69713778100647728,0.7307827745197194,-0.0056628880739645615,-0.51164099986076295
0.21179851785512288,-0.34853992828449465,-0.12120861568652359,-0.99547970671358577
-1.4358733319024588,-0.43984658578626457,-0.31284630853247786,0.45043547423660707
-0.71904077497064267,-0.34816216816782469,0.44353454728058522,0.59459389014191311
0.0063343189201807704,0.21901117217155541,-0.13323764976272165,0.27873063342404536
-0.61268291184084678,-0.40706115733303977,0.037065408472152069,0.76304291026852367
-0.60967661535823536,-0.0091059119336920347,-0.67280955388041985,0.14815700545457644
1.0811870694665509,-0.64460973094428708,0.27002482942141076,-0.1638288944722113
-0.3361207355987828,-0.26171398336536333,0.12658624794157117,-0.46610125457008444
0.21637198016431558,-0.065539538553158971,-0.093255927276826911,0.16588621384828778
-0.36276649287277385,-0.62186651145284522,-0.74231773568052117,0.30001321580031287
0.19431999824504334,-0.48767055601765025,-0.6430258497796405,-1.0933987195313586
-0.13247771157685859,-0.014002071910690445,-0.23936048645990482,-0.6593503598187207
0.036949706353652106,0.21015185290993965,0.0034714779645377281,0.29461868832055227
0.35330055478866124,-0.077311243468402985,0.14437320539680165,0.39168729588518753
-0.46711490930545929,-0.55639887655679265,0.040950414468717063,0.016377756512920283
0.078313702531592311,0.91320699702761787,0.32893038428890659,-0.01504940095302832
0.57403271152184132,0.011921451976729058,-0.073938297729039856,0.3103893369385301
