k:trial,v1,v2,v3,v4
0:trial_01,7.5995241391705886,3.7591089349280526,4.5299042526484916,9.7396641009337852
0:trial_02,6.6112388564867803,7.1145950170015748,1.8053064880559955,5.6539818354903844
0:trial_03,4.0475803546628608,4.4279348689190625,3.0320532532317657,2.5501385314347673
0:trial_04,0.71895370760406574,2.9365897976798911,2.2966194064838694,5.2273130082428265
0:trial_05,-8.3441207641163508,4.2944058510139564,-0.69454420806694794,3.0709964726267924
0:trial_06,-0.90671712124935155,1.2768555918305657,3.7544427603080406,6.3024967295200014
0:trial_07,3.8338384771727458,1.8030513118205476,-0.99972961418364281,0.88686498155828986
0:trial_08,3.3902198995748334,3.0947355602525968,0.27552197911906084,4.365163315161384
0:trial_09,2.2536491954803206,0.78765130173862552,4.4106067614076636,2.8935046795310986
0:trial_10,-0.44831634165871881,2.7928943029594073,-2.2143021240552483,5.9937968965485791
0:trial_11,8.3308907184844081,3.7193236449730755,4.6052996205355248,2.2418443787264239
0:trial_12,4.0002448596593236,7.4738486266517228,6.2489618524341246,7.1824276167644232
0:trial_13,4.3606560248953841,5.3808258795774302,0.55913455694266889,2.5109715801778072
0:trial_14,6.4369150071612395,1.22135309794449,4.5943157458285624,6.0346862783803257
0:trial_15,-2.2186435531292235,-0.56687492841476339,-0.99447501712461384,7.6568289420455571
0:trial_16,-0.26977421977596139,3.8371873257729359,0.34328681240831482,-0.48359621458426805
0:trial_17,-2.5296234081299684,-2.7433655388709082,-0.69117848545279736,1.2026081497725556
0:trial_18,2.8897609158866433,6.2054287090976166,-2.3432196331911599,5.9166788988185335
0:trial_19,1.3764337783781437,2.7525237908457765,3.8853327369147106,2.1969468009820821
0:trial_20,3.610466375202491,2.3402881222147918,-1.415138146035561,0.1365989567739696
0:trial_21,-0.23762607195599195,5.7213085541331976,1.3079276836686327,1.5567784759455978
0:trial_22,2.4257754369461422,2.8244364313238082,3.9199478358129687,-1.8626011938114289
0:trial_23,1.8295858275927257,1.5340277631427237,10.839101267688385,4.6337394907006537
0:trial_24,7.7664689069767334,0.91996456810226634,4.68091302999904,10.332496542488954
0:trial_25,4.9284542307071781,9.5796989304281119,7.5047977495788318,4.0692612340434398
0:trial_26,4.352697300808555,-1.9029136222757383,5.2280636894900905,0.97663358384183319
0:trial_27,7.6842917724988506,4.2434298031203967,1.9245704337049205,5.3817668594082031
0:trial_28,-0.75920893319010352,2.5125493676922295,3.2776375953003387,2.5922608116877832
0:trial_29,9.2696291498823893,2.0844522397653149,0.55927810131178579,4.9010972343720383
0:trial_30,-2.6693134657085431,1.2425304554050705,0.96063910893921289,1.010763368637476
0:trial_31,1.7280783704417777,5.6117233784567233,-1.8954545088164041,2.4442370852290058
0:trial_32,2.26571567128767,-2.6291858809507174,0.55010485556968669,3.9991649690144269
0:trial_33,2.5264709952713975,8.4167266264913749,4.8133654432575268,2.6859467518610085
0:trial_34,-3.302388243295749,0.021829257204190045,-0.537902637729053,0.035639254528532227
0:trial_35,5.2765942465903271,6.9324416768983124,3.9921132906112486,8.0142334282565439
0:trial_36,-4.5265547269003354,-0.84023238967224811,0.74555282864858641,0.36462017495473598
1:trial_01,7.5772114989800894,3.7605892860934027,4.5347130752521316,9.6943329604172312
1:trial_02,6.6004513987717441,7.0827633388367435,1.8366932142866057,5.6526219462907292
1:trial_03,4.0290055847872415,4.4231336420423499,3.0194170159691183,2.5505761193674235
1:trial_04,0.73237046132683958,2.946124385218944,2.2910454944846883,5.2020100847320663
1:trial_05,-8.2698606619791857,4.2636833570497767,-0.68898238562015535,3.0696218722446451
1:trial_06,-0.90471051947621817,1.2754556921816977,3.7172711582636513,6.270150900208403
1:trial_07,3.7906269786085218,1.7966412773418829,-0.99135783882647521,0.90634352870556656
1:trial_08,3.3508354402290061,3.0758139414324153,0.27169346921059734,4.3513303815762967
1:trial_09,2.252303437377472,0.81799518907104174,4.3845805801258706,2.8906271539894552
1:trial_10,-0.42341234597702382,2.803927485978789,-2.1760988546678433,5.9607741822260483
1:trial_11,8.3025966805074418,3.7211128570054597,4.6090513162379718,2.2748166170556585
1:trial_12,4.0162427611254294,7.4362173207850919,6.2355892271086084,7.1649008644419574
1:trial_13,4.3353731342425315,5.3644764056117058,0.57216570593710436,2.51192502442529
1:trial_14,6.4276063514710708,1.2485415847953183,4.5982135316453583,6.0294210242429331
1:trial_15,-2.2037583766695286,-0.55026194204909973,-0.9859359816864498,7.6105701080591972
1:trial_16,-0.24643349094368272,3.8380786821512003,0.3567345407910103,-0.45345005959159268
1:trial_17,-2.5120337261124934,-2.7061707670742274,-0.68571249719710303,1.2191867799565173
1:trial_18,2.8552037999605622,6.1565436111497869,-2.3218202165421338,5.8879018231141469
1:trial_19,1.4185083615116847,2.7641429076352644,3.8964246881252369,2.230647651134285
1:trial_20,3.5681154295763697,2.3283984619165867,-1.4024238034716947,0.16405526944616478
1:trial_21,-0.21397855514741027,5.7032805245910332,1.3120396431318069,1.5672238786400778
1:trial_22,2.4226511313906678,2.8355105250604482,3.8978453331430805,-1.8178725194568077
1:trial_23,1.8657292628371893,1.5571653907564182,10.781710424017662,4.642383406063824
1:trial_24,7.7441100476564753,0.94960588473830088,4.6838700447612904,10.284545898470828
1:trial_25,4.9345742775888004,9.5209894749370552,7.4786916471075378,4.0842133325983374
1:trial_26,4.3639868125434278,-1.8468598449965485,5.2256460073029256,1.0205095842067955
1:trial_27,7.6634819091288113,4.2400977722478137,1.9539398223806321,5.3830630516551334
1:trial_28,-0.73169137958099562,2.5261060820220944,3.2626918942017364,2.5922935695746716
1:trial_29,9.2009618511487083,2.1021465619962765,0.5703875531963869,4.8789727356634511
1:trial_30,-2.6494895312391038,1.2414079096164599,0.94975645100669259,1.0300528868965437
1:trial_31,1.731823856968727,5.595399991879062,-1.8604284703266591,2.4457055167832711
1:trial_32,2.2368448418288338,-2.5925509443467041,0.54355800855374103,3.9887425634993425
1:trial_33,2.5224961514239084,8.3734343807316769,4.7834995649803265,2.6850761296842443
1:trial_34,-3.2772664885269114,0.032524832757150568,-0.53389011279237986,0.063547072906530833
1:trial_35,5.279117912064188,6.9010773838994748,4.0022992365494865,7.9884251664382706
1:trial_36,-4.4855034270845318,-0.81910034546511756,0.73625362537987904,0.39211750733922202
2:trial_01,7.3960541363255174,3.7726083260021013,4.5737561294542255,9.3262873238636317
2:trial_02,6.5121838974810471,6.8223032037685982,2.0935125660983194,5.6414947627729539
2:trial_03,3.8766165730877811,4.3837439632691142,2.9157482372467056,2.5541661284515329
2:trial_04,0.84243581070533446,3.0243420920017958,2.2453194877120195,4.9944356465292952
2:trial_05,-7.6612083762885694,4.0118749749541678,-0.64339645390958333,3.0583553422988272
2:trial_06,-0.8882453222862674,1.2639687972365414,3.4122590897400245,6.0047367731912349
2:trial_07,3.4358787507386035,1.7440175904194768,-0.92262908442641134,1.0662542078436437
2:trial_08,3.0278020452879737,2.9206178344707054,0.24029183075115981,4.2378719369967479
2:trial_09,2.2412682236944428,1.0668150029585504,4.171165946997494,2.8670314504500145
2:trial_10,-0.2193059855146462,2.8943524466631856,-1.8629952719298948,5.6901290167229375
2:trial_11,8.0714598646843765,3.7357291083986,4.6396992922994542,2.5441701177537399
2:trial_12,4.1463860887035562,7.1300857086501228,6.1268025864354509,7.0223202970020431
2:trial_13,4.1310825621725993,5.232369541908489,0.67745987183583978,2.5196290355461142
2:trial_14,6.3516281416349987,1.4704568245285485,4.6300276623363468,5.9864454757849588
2:trial_15,-2.0818397902118151,-0.41419154879392983,-0.91599612352269599,7.2316823154911463
2:trial_16,-0.055267163844883616,3.8453791107793101,0.4668747536872202,-0.20654561339761557
2:trial_17,-2.3677161569995455,-2.400999869494949,-0.6408658571567124,1.3552090005397857
2:trial_18,2.5717605115391855,5.7555797996219979,-2.146298594938306,5.6518673986486334
2:trial_19,1.7619547907234567,2.8589874402424496,3.9869660732687686,2.5057409683856822
2:trial_20,3.2213823951782254,2.2310561728079876,-1.2983297268844942,0.38884388905002654
2:trial_21,-0.020773531088336128,5.5559878549367685,1.3456351886363553,1.6525649440563275
2:trial_22,2.3971198234479103,2.9260061863707332,3.7172273391751429,-1.4523571949961922
2:trial_23,2.1617483791418004,1.7466653658767717,10.311672456888139,4.7131781207861918
2:trial_24,7.5612681965677702,1.1920007728142097,4.7080513343826249,9.8924246194919085
2:trial_25,4.9844482770467939,9.04254945511655,7.2659456068090655,4.206062228472649
2:trial_26,4.4565584724076643,-1.3872304716229777,5.2058215137069217,1.3802837070716905
2:trial_27,7.4927727763257987,4.2127641905410327,2.1948651366239731,5.3936960793922655
2:trial_28,-0.50586754786668919,2.6373597646319085,3.1400394397834646,2.5925623983972392
2:trial_29,8.6375493705343729,2.2473277787440065,0.66154016819649941,4.6974420954660081
2:trial_30,-2.4875227965355551,1.2322364166306994,0.86084228651810557,1.1876533012463162
2:trial_31,1.7625270538364759,5.4615908997796296,-1.5733065310247611,2.4577428162830133
2:trial_32,2.0002828202077718,-2.2923713226506388,0.48991440376769974,3.9033433780579978
2:trial_33,2.4898973836381355,8.0183829823382098,4.5385614320539531,2.6779359221041683
2:trial_34,-3.0712338874150751,0.12024311803788512,-0.50098194386322314,0.29242918980835597
2:trial_35,5.2996836996685195,6.6454843210102528,4.0853062764618553,7.7781091651744472
2:trial_36,-4.1521658342454408,-0.64750761199790996,0.66074385962776561,0.61539654180751491
3:trial_01,6.5177855423077906,3.8308778057923347,4.7630406709035045,7.5419661181798885
3:trial_02,6.0662564280059739,5.5064584451459986,3.3909640855252525,5.5852802249655706
3:trial_03,3.0956205564784209,4.1818712568689369,2.384444160095561,2.5725649799370403
3:trial_04,1.4063307112366843,3.4250728054839672,2.0110526436383021,3.9309750038824638
3:trial_05,-4.5581093909603334,2.7280773891265904,-0.41098517120847222,3.0009150624133425
3:trial_06,-0.80378073737208278,1.2050423354211823,1.8475819428793554,4.6431925529645266
3:trial_07,1.6111220751177415,1.4733314630101182,-0.56910158648325371,1.8888039948076547
3:trial_08,1.3744891186725274,2.1263107014666058,0.079575522174582219,3.6571817792769847
3:trial_09,2.1848660972704299,2.3385589857015114,3.0803815304758198,2.7464313522262076
3:trial_10,0.82095061740616826,3.3552159014213077,-0.26721908639868075,4.3107480908889109
3:trial_11,6.913932912764456,3.8089269019363501,4.7931835314356253,3.8930851988141084
3:trial_12,4.7838544262458402,5.6305911629949446,5.5939436203459394,6.3239318434166059
3:trial_13,3.1648422790063302,4.6075390756787034,1.1754733809415097,2.5560669671230531
3:trial_14,5.9728689698481174,2.5767270642405329,4.7886243681238527,5.7722079572102905
3:trial_15,-1.4625693383258314,0.27696126364993356,-0.5607452234892375,5.307168413756548
3:trial_16,0.91550918287593963,3.8824519757584728,1.0261861927105773,1.0472787389499389
3:trial_17,-1.627798010773033,-0.83638451318705354,-0.41093652168405409,2.0525967816547741
3:trial_18,1.1209610698467429,3.7032536459732439,-1.24789428963256,4.4437293857785614
3:trial_19,3.4748505109829897,3.3320125765518487,4.4385298046916075,3.8777341694020633
3:trial_20,1.4642248492048804,1.7377494472276336,-0.7708066067300523,1.5280172010809214
3:trial_21,0.94749226321164004,4.8178162961384174,1.5140025368009224,2.0802600047521151
3:trial_22,2.2690302539803646,3.3800193658717221,2.811073955364793,0.38141883594192949
3:trial_23,3.6648609685174729,2.7088998385879588,7.9249347532665926,5.0726563473577277
3:trial_24,6.6404761089198798,2.4127021259103563,4.8298283784229881,7.9177007314309202
3:trial_25,5.2310076371171332,6.6773117280253746,6.2142046571452267,4.8084399426831634
3:trial_26,4.9296374776752456,0.96166342383286851,5.1045102514471425,3.2188764731034252
3:trial_27,6.6183550663431729,4.0727542945898536,3.4289488560966408,5.4481612835171234
3:trial_28,0.65337351762258389,3.2084679447967432,2.510416955454243,2.5939424007128613
3:trial_29,5.7483706230352363,2.9918169414729312,1.1289707046129833,3.7665531185187788
3:trial_30,-1.6757796908426363,1.1862708286120924,0.41522325150971684,1.9775133304487065
3:trial_31,1.9191823640740564,4.7788637907513163,-0.10833932675943547,2.5191600978670068
3:trial_32,0.7961443787990059,-0.76440914455100839,0.21685989478112483,3.4686478958742746
3:trial_33,2.3231407979756997,6.2021438128136861,3.285598528249019,2.641410718305059
3:trial_34,-2.017225045777792,0.5689868981980164,-0.33263236798906709,1.4633301715234008
3:trial_35,5.401346361920905,5.3820135643104257,4.4956341873369281,6.7384560765534438
3:trial_36,-2.5350976536826435,0.18491319881520152,0.29443522195053506,1.6985549667252502
4:trial_01,5.6962435050773177,3.8853837137358727,4.9400994987583209,5.8728925700924188
4:trial_02,5.6200339444589318,4.1897431576888193,4.6892739652957705,5.5290284970749655
4:trial_03,2.2950138951783972,3.974929569534456,1.8397991500098902,2.5914258226895015
4:trial_04,1.9840521167405762,3.8356292953606195,1.7710416588010534,2.8414386796683764
4:trial_05,-1.4050526111432609,1.4236115306266757,-0.17483222407675048,2.942550032878724
4:trial_06,-0.71705571330596507,1.1445388850785307,0.24103094455197288,3.2452107196765434
4:trial_07,-0.27111302565600226,1.1941189317672578,-0.20443824555264395,2.7372634644138505
4:trial_08,-0.31646014197681066,1.3139218078338999,-0.084799363418429169,3.0632726789152662
4:trial_09,2.1273130395436382,3.6362539396517994,1.9673387700023266,2.6233703108258686
4:trial_10,1.8773706263007954,3.8232402077393557,1.3533521143793945,2.9099344783176218
4:trial_11,5.7723767669005692,3.8811147597984048,4.9445500945973162,5.2233888245559195
4:trial_12,5.3901168861327555,4.2045011153843292,5.0871696073812567,5.6597314794271574
4:trial_13,2.2957574140703292,4.0455352855119804,1.6234116534787641,2.5888410662729253
4:trial_14,5.6021493388564849,3.6595156158899615,4.9438547008143088,5.5625178434214284
4:trial_15,-0.83725557610077694,0.97485886897807206,-0.20202751597191687,3.3638736470143913
4:trial_16,1.895370174370838,3.919871773180144,1.5907317371576719,2.3128365342152546
4:trial_17,-0.86879936077675401,0.76857807525250144,-0.17507792555649948,2.7679683225334535
4:trial_18,-0.36305870806475404,1.6039334262281977,-0.32891836551774889,3.2079274864792646
4:trial_19,5.1526476798959733,3.795345063835041,4.8808406477884834,5.2216141740087565
4:trial_20,-0.30327567030404928,1.2415390216237396,-0.24017838215075879,2.6738959103858329
4:trial_21,1.903543381149629,4.0889567741211161,1.6802459302829433,2.5025596907700134
4:trial_22,2.1423320893739959,3.8291007140953872,1.9147638884494129,2.1952750178683647
4:trial_23,5.1818285576264849,3.6800037456030226,5.5161972004781124,5.4354480786982977
4:trial_24,5.723934828854027,3.6277681497755503,4.9510432425868407,5.9520930938117242
4:trial_25,5.4690480724843979,4.3937958309073508,5.1988026319284995,5.3900047768281878
4:trial_26,5.4122590480911699,3.3579372976314223,5.0011554207566942,5.0945558378972926
4:trial_27,5.7227951280207412,3.9293591501970675,4.6928710377706846,5.503943382038134
4:trial_28,1.8450166646672681,3.7955392359844291,1.8631958199956811,2.5953609756333833
4:trial_29,2.7837218191035782,3.7557533741823614,1.6086112882590389,2.8113478047289711
4:trial_30,-0.8742259443022522,1.1408822210220166,-0.024802175913889335,2.757458686571252
4:trial_31,2.0785669807713956,4.0842419588049541,1.382151075205746,2.5816474139305998
4:trial_32,-0.42408690193264659,0.78397365046276102,-0.059843880924619106,3.0281428785834446
4:trial_33,2.1527380970099679,4.3461927638203095,2.0052397216082918,2.6040868947453109
4:trial_34,-0.94005925891208952,1.0275897371518299,-0.1605840926792613,2.6599562599267168
4:trial_35,5.4994849426783929,4.1623403416746747,4.8917383019280729,5.7348420029410851
4:trial_36,-1.0209494246254547,0.96435373921614609,-0.048559329357928574,2.7127746703785314
5:trial_01,5.5398159877725615,3.8957620309389616,4.9738127740419431,5.5550889526335707
5:trial_02,5.5316380378466938,3.9289041236272388,4.9464669197468005,5.5178851265171476
5:trial_03,2.1340874381777879,3.9333331225421349,1.7303224293767829,2.5952169585205112
5:trial_04,2.1001367396339083,3.9181245860832683,1.7228149799907233,2.6225123734591325
5:trial_05,-0.77465413293850727,1.1628064295792691,-0.12761757845148494,2.9308809674706682
5:trial_06,-0.6996064104428904,1.1323654317914502,-0.082211340320914303,2.9639330991881394
5:trial_07,-0.65088745672258963,1.1377828342437186,-0.13086092634537003,2.9084552630474492
5:trial_08,-0.65587778402608543,1.1508541575379083,-0.11779369233086172,2.9440596243739532
5:trial_09,2.1157768079949162,3.8963706052066556,1.7442347419000266,2.598703321367891
5:trial_10,2.088512732708546,3.9167822052914643,1.6772486839588068,2.6299599091569794
5:trial_11,5.5481917489764179,3.8952914047819625,4.9742762852875178,5.4846411013379806
5:trial_12,5.5066655269784475,3.9303478108838585,4.9897467479187592,5.5320447846471064
5:trial_13,2.1339246411539334,3.940884249207369,1.7068224867181876,2.5949439493850961
5:trial_14,5.5296709287590735,3.8712087287831403,4.9742033707301738,5.5215218863961448
5:trial_15,-0.71270654106559372,1.1138650424352006,-0.13057867377414017,2.9768111791655736
5:trial_16,2.090490729341806,3.927323209356492,1.703150172930741,2.5648481373950816
5:trial_17,-0.71617504291306544,1.0913142491027907,-0.12764996590672567,2.9118198214079829
5:trial_18,-0.66096385534438684,1.1825116173285877,-0.14444127020225214,2.9598501007874662
5:trial_19,5.4808150641121545,3.885970208036837,4.967354080448283,5.4844692997555331
5:trial_20,-0.65451055452740226,1.1429328772612883,-0.13473278766938873,2.9016030999195199
5:trial_21,2.091431642202326,3.9457174163356319,1.712916967978295,2.5855522757482481
5:trial_22,2.1174064183322416,3.9174496968260226,1.7384303957839342,2.5521198281165485
5:trial_23,5.4838782647630584,3.8733642714435041,5.0365834779357845,5.5076850447282402
5:trial_24,5.542943162125594,3.867710233812018,4.9749798407242416,5.5639397065019036
5:trial_25,5.5152125523336428,3.9509411392021674,5.0018801794061858,5.5027908168364563
5:trial_26,5.5089847176386488,3.8381918263764736,4.980441333752907,5.4704742666151072
5:trial_27,5.5428819249251697,3.900551832415093,4.946786245941432,5.5151497073669633
5:trial_28,2.0849473955276379,3.9137427806539331,1.7328814381742663,2.595646597816756
5:trial_29,2.1874530491080559,3.9094010630696014,1.7050796120858902,2.6192309183067746
5:trial_30,-0.71669439682780389,1.1319618739807396,-0.11128157521721714,2.9107434780475576
5:trial_31,2.1104582393930453,3.9452551171267936,1.6803832124541265,2.5941504973426031
5:trial_32,-0.66765379813034653,1.093041937321702,-0.11507593478118137,2.9402149246658036
5:trial_33,2.1185520858492968,3.9738538107698709,1.7483754805755967,2.5965990284055098
5:trial_34,-0.72394585567137315,1.1195999193082389,-0.12606578662807294,2.9000371643935714
5:trial_35,5.51851618353811,3.9258187342602504,4.9685516484440395,5.5402190420454165
5:trial_36,-0.73247745832614186,1.1128509213202127,-0.11390584613027362,2.9060014275465149
