cell	member	binding	metric	p_value_scope	role	successes	datasets	expected_datasets	failures	missing	estimand_contradictions
rank.R0.n80.p4.q6.intercept.null	rank-1,rank-2,rank-3,rank-4	closed-null-family	fwer	closed-sequential	primary	10	200	200	0	0	0
rank.R1.n80.p4.q6.intercept.alternative	rank-1	closed-new-root	descriptive-power	closed-sequential	descriptive	156	200	200	0	0	0
rank.R1.n80.p4.q6.intercept.null	rank-2	raw-first-null	type-i	raw-stage	primary	5	200	200	0	0	0
rank.R1.n80.p4.q6.intercept.null	rank-2	closed-first-null	type-i	closed-sequential	secondary	5	200	200	0	0	0
rank.R1.n80.p4.q6.intercept.null	rank-2,rank-3,rank-4	closed-null-family	fwer	closed-sequential	secondary	5	200	200	0	0	0
rank.R2.n80.p4.q6.intercept.alternative	rank-2	closed-new-root	descriptive-power	closed-sequential	descriptive	48	200	200	0	0	0
rank.R2.n80.p4.q6.intercept.null	rank-3	raw-first-null	type-i	raw-stage	primary	2	200	200	0	0	0
rank.R2.n80.p4.q6.intercept.null	rank-3	closed-first-null	type-i	closed-sequential	secondary	2	200	200	0	0	0
rank.R2.n80.p4.q6.intercept.null	rank-3,rank-4	closed-null-family	fwer	closed-sequential	secondary	2	200	200	0	0	0
rank.R3.n80.p4.q6.intercept.alternative	rank-3	closed-new-root	standard-power	closed-sequential	primary	6	200	200	0	0	0
rank.R3.n80.p4.q6.intercept.null	rank-4	raw-first-null	type-i	raw-stage	primary	0	200	200	0	0	0
rank.R3.n80.p4.q6.intercept.null	rank-4	closed-first-null	type-i	closed-sequential	secondary	0	200	200	0	0	0
rank.R3.n80.p4.q6.intercept.null	rank-4	closed-null-family	fwer	closed-sequential	secondary	0	200	200	0	0	0
rank.R4.n80.p4.q6.intercept.alternative	rank-4	closed-new-root	descriptive-power	closed-sequential	descriptive	2	200	200	0	0	0
rank.R0.n80.p4.q6.three-column.null	rank-1,rank-2,rank-3,rank-4	closed-null-family	fwer	closed-sequential	primary	8	200	200	0	0	0
rank.R1.n80.p4.q6.three-column.alternative	rank-1	closed-new-root	descriptive-power	closed-sequential	descriptive	154	200	200	0	0	0
rank.R1.n80.p4.q6.three-column.null	rank-2	raw-first-null	type-i	raw-stage	primary	11	200	200	0	0	0
rank.R1.n80.p4.q6.three-column.null	rank-2	closed-first-null	type-i	closed-sequential	secondary	11	200	200	0	0	0
rank.R1.n80.p4.q6.three-column.null	rank-2,rank-3,rank-4	closed-null-family	fwer	closed-sequential	secondary	11	200	200	0	0	0
rank.R2.n80.p4.q6.three-column.alternative	rank-2	closed-new-root	descriptive-power	closed-sequential	descriptive	46	200	200	0	0	0
rank.R2.n80.p4.q6.three-column.null	rank-3	raw-first-null	type-i	raw-stage	primary	1	200	200	0	0	0
rank.R2.n80.p4.q6.three-column.null	rank-3	closed-first-null	type-i	closed-sequential	secondary	1	200	200	0	0	0
rank.R2.n80.p4.q6.three-column.null	rank-3,rank-4	closed-null-family	fwer	closed-sequential	secondary	1	200	200	0	0	0
rank.R3.n80.p4.q6.three-column.alternative	rank-3	closed-new-root	standard-power	closed-sequential	primary	9	200	200	0	0	0
rank.R3.n80.p4.q6.three-column.null	rank-4	raw-first-null	type-i	raw-stage	primary	0	200	200	0	0	0
rank.R3.n80.p4.q6.three-column.null	rank-4	closed-first-null	type-i	closed-sequential	secondary	0	200	200	0	0	0
rank.R3.n80.p4.q6.three-column.null	rank-4	closed-null-family	fwer	closed-sequential	secondary	0	200	200	0	0	0
rank.R4.n80.p4.q6.three-column.alternative	rank-4	closed-new-root	descriptive-power	closed-sequential	descriptive	0	200	200	0	0	0
rank.R1.n80.p6.q4.intercept.alternative	rank-1	closed-new-root	descriptive-power	closed-sequential	descriptive	146	200	200	0	0	0
rank.R2.n80.p6.q4.intercept.alternative	rank-2	closed-new-root	descriptive-power	closed-sequential	descriptive	49	200	200	0	0	0
rank.R3.n80.p6.q4.intercept.alternative	rank-3	closed-new-root	standard-power	closed-sequential	primary	6	200	200	0	0	0
rank.R3.n80.p6.q4.intercept.null	rank-4	raw-first-null	type-i	raw-stage	primary	1	200	200	0	0	0
rank.R3.n80.p6.q4.intercept.null	rank-4	closed-first-null	type-i	closed-sequential	secondary	1	200	200	0	0	0
rank.R3.n80.p6.q4.intercept.null	rank-4	closed-null-family	fwer	closed-sequential	secondary	1	200	200	0	0	0
rank.R4.n80.p6.q4.intercept.alternative	rank-4	closed-new-root	descriptive-power	closed-sequential	descriptive	2	200	200	0	0	0
rank.R0.n80.p6.q4.three-column.null	rank-1,rank-2,rank-3,rank-4	closed-null-family	fwer	closed-sequential	primary	6	200	200	0	0	0
rank.R1.n80.p6.q4.three-column.alternative	rank-1	closed-new-root	descriptive-power	closed-sequential	descriptive	162	200	200	0	0	0
rank.R1.n80.p6.q4.three-column.null	rank-2	raw-first-null	type-i	raw-stage	primary	9	200	200	0	0	0
rank.R1.n80.p6.q4.three-column.null	rank-2	closed-first-null	type-i	closed-sequential	secondary	9	200	200	0	0	0
rank.R1.n80.p6.q4.three-column.null	rank-2,rank-3,rank-4	closed-null-family	fwer	closed-sequential	secondary	9	200	200	0	0	0
rank.R2.n80.p6.q4.three-column.alternative	rank-2	closed-new-root	descriptive-power	closed-sequential	descriptive	32	200	200	0	0	0
rank.R2.n80.p6.q4.three-column.null	rank-3	raw-first-null	type-i	raw-stage	primary	1	200	200	0	0	0
rank.R2.n80.p6.q4.three-column.null	rank-3	closed-first-null	type-i	closed-sequential	secondary	1	200	200	0	0	0
rank.R2.n80.p6.q4.three-column.null	rank-3,rank-4	closed-null-family	fwer	closed-sequential	secondary	1	200	200	0	0	0
rank.R3.n80.p6.q4.three-column.alternative	rank-3	closed-new-root	standard-power	closed-sequential	primary	10	200	200	0	0	0
rank.R3.n80.p6.q4.three-column.null	rank-4	raw-first-null	type-i	raw-stage	primary	1	200	200	0	0	0
rank.R3.n80.p6.q4.three-column.null	rank-4	closed-first-null	type-i	closed-sequential	secondary	0	200	200	0	0	0
rank.R3.n80.p6.q4.three-column.null	rank-4	closed-null-family	fwer	closed-sequential	secondary	0	200	200	0	0	0
rank.R4.n80.p6.q4.three-column.alternative	rank-4	closed-new-root	descriptive-power	closed-sequential	descriptive	0	200	200	0	0	0
rank.R0.n160.p4.q6.intercept.null	rank-1,rank-2,rank-3,rank-4	closed-null-family	fwer	closed-sequential	primary	10	200	200	0	0	0
rank.R1.n160.p4.q6.intercept.alternative	rank-1	closed-new-root	descriptive-power	closed-sequential	descriptive	198	200	200	0	0	0
rank.R1.n160.p4.q6.intercept.null	rank-2	raw-first-null	type-i	raw-stage	primary	5	200	200	0	0	0
rank.R1.n160.p4.q6.intercept.null	rank-2	closed-first-null	type-i	closed-sequential	secondary	5	200	200	0	0	0
rank.R1.n160.p4.q6.intercept.null	rank-2,rank-3,rank-4	closed-null-family	fwer	closed-sequential	secondary	5	200	200	0	0	0
rank.R2.n160.p4.q6.intercept.alternative	rank-2	closed-new-root	descriptive-power	closed-sequential	descriptive	123	200	200	0	0	0
rank.R2.n160.p4.q6.intercept.null	rank-3	raw-first-null	type-i	raw-stage	primary	6	200	200	0	0	0
rank.R2.n160.p4.q6.intercept.null	rank-3	closed-first-null	type-i	closed-sequential	secondary	6	200	200	0	0	0
rank.R2.n160.p4.q6.intercept.null	rank-3,rank-4	closed-null-family	fwer	closed-sequential	secondary	6	200	200	0	0	0
rank.R3.n160.p4.q6.intercept.alternative	rank-3	closed-new-root	standard-power	closed-sequential	primary	33	200	200	0	0	0
rank.R3.n160.p4.q6.intercept.null	rank-4	raw-first-null	type-i	raw-stage	primary	1	200	200	0	0	0
rank.R3.n160.p4.q6.intercept.null	rank-4	closed-first-null	type-i	closed-sequential	secondary	1	200	200	0	0	0
rank.R3.n160.p4.q6.intercept.null	rank-4	closed-null-family	fwer	closed-sequential	secondary	1	200	200	0	0	0
rank.R4.n160.p4.q6.intercept.alternative	rank-4	closed-new-root	descriptive-power	closed-sequential	descriptive	10	200	200	0	0	0
rank.R0.n160.p4.q6.three-column.null	rank-1,rank-2,rank-3,rank-4	closed-null-family	fwer	closed-sequential	primary	5	200	200	0	0	0
rank.R1.n160.p4.q6.three-column.alternative	rank-1	closed-new-root	descriptive-power	closed-sequential	descriptive	198	200	200	0	0	0
rank.R1.n160.p4.q6.three-column.null	rank-2	raw-first-null	type-i	raw-stage	primary	12	200	200	0	0	0
rank.R1.n160.p4.q6.three-column.null	rank-2	closed-first-null	type-i	closed-sequential	secondary	12	200	200	0	0	0
rank.R1.n160.p4.q6.three-column.null	rank-2,rank-3,rank-4	closed-null-family	fwer	closed-sequential	secondary	12	200	200	0	0	0
rank.R2.n160.p4.q6.three-column.alternative	rank-2	closed-new-root	descriptive-power	closed-sequential	descriptive	134	200	200	0	0	0
rank.R2.n160.p4.q6.three-column.null	rank-3	raw-first-null	type-i	raw-stage	primary	6	200	200	0	0	0
rank.R2.n160.p4.q6.three-column.null	rank-3	closed-first-null	type-i	closed-sequential	secondary	6	200	200	0	0	0
rank.R2.n160.p4.q6.three-column.null	rank-3,rank-4	closed-null-family	fwer	closed-sequential	secondary	6	200	200	0	0	0
rank.R3.n160.p4.q6.three-column.alternative	rank-3	closed-new-root	standard-power	closed-sequential	primary	35	200	200	0	0	0
rank.R3.n160.p4.q6.three-column.null	rank-4	raw-first-null	type-i	raw-stage	primary	1	200	200	0	0	0
rank.R3.n160.p4.q6.three-column.null	rank-4	closed-first-null	type-i	closed-sequential	secondary	1	200	200	0	0	0
rank.R3.n160.p4.q6.three-column.null	rank-4	closed-null-family	fwer	closed-sequential	secondary	1	200	200	0	0	0
rank.R4.n160.p4.q6.three-column.alternative	rank-4	closed-new-root	descriptive-power	closed-sequential	descriptive	8	200	200	0	0	0
rank.R0.n160.p6.q4.intercept.null	rank-1,rank-2,rank-3,rank-4	closed-null-family	fwer	closed-sequential	primary	8	200	200	0	0	0
rank.R1.n160.p6.q4.intercept.alternative	rank-1	closed-new-root	descriptive-power	closed-sequential	descriptive	196	200	200	0	0	0
rank.R1.n160.p6.q4.intercept.null	rank-2	raw-first-null	type-i	raw-stage	primary	14	200	200	0	0	0
rank.R1.n160.p6.q4.intercept.null	rank-2	closed-first-null	type-i	closed-sequential	secondary	14	200	200	0	0	0
rank.R1.n160.p6.q4.intercept.null	rank-2,rank-3,rank-4	closed-null-family	fwer	closed-sequential	secondary	14	200	200	0	0	0
rank.R2.n160.p6.q4.intercept.alternative	rank-2	closed-new-root	descriptive-power	closed-sequential	descriptive	120	200	200	0	0	0
rank.R2.n160.p6.q4.intercept.null	rank-3	raw-first-null	type-i	raw-stage	primary	7	200	200	0	0	0
rank.R2.n160.p6.q4.intercept.null	rank-3	closed-first-null	type-i	closed-sequential	secondary	7	200	200	0	0	0
rank.R2.n160.p6.q4.intercept.null	rank-3,rank-4	closed-null-family	fwer	closed-sequential	secondary	7	200	200	0	0	0
rank.R3.n160.p6.q4.intercept.alternative	rank-3	closed-new-root	standard-power	closed-sequential	primary	39	200	200	0	0	0
rank.R3.n160.p6.q4.intercept.null	rank-4	raw-first-null	type-i	raw-stage	primary	5	200	200	0	0	0
rank.R3.n160.p6.q4.intercept.null	rank-4	closed-first-null	type-i	closed-sequential	secondary	5	200	200	0	0	0
rank.R3.n160.p6.q4.intercept.null	rank-4	closed-null-family	fwer	closed-sequential	secondary	5	200	200	0	0	0
rank.R4.n160.p6.q4.intercept.alternative	rank-4	closed-new-root	descriptive-power	closed-sequential	descriptive	7	200	200	0	0	0
rank.R0.n160.p6.q4.three-column.null	rank-1,rank-2,rank-3,rank-4	closed-null-family	fwer	closed-sequential	primary	9	200	200	0	0	0
rank.R1.n160.p6.q4.three-column.alternative	rank-1	closed-new-root	descriptive-power	closed-sequential	descriptive	198	200	200	0	0	0
rank.R1.n160.p6.q4.three-column.null	rank-2	raw-first-null	type-i	raw-stage	primary	10	200	200	0	0	0
rank.R1.n160.p6.q4.three-column.null	rank-2	closed-first-null	type-i	closed-sequential	secondary	10	200	200	0	0	0
rank.R1.n160.p6.q4.three-column.null	rank-2,rank-3,rank-4	closed-null-family	fwer	closed-sequential	secondary	10	200	200	0	0	0
rank.R2.n160.p6.q4.three-column.alternative	rank-2	closed-new-root	descriptive-power	closed-sequential	descriptive	128	200	200	0	0	0
rank.R2.n160.p6.q4.three-column.null	rank-3	raw-first-null	type-i	raw-stage	primary	8	200	200	0	0	0
rank.R2.n160.p6.q4.three-column.null	rank-3	closed-first-null	type-i	closed-sequential	secondary	8	200	200	0	0	0
rank.R2.n160.p6.q4.three-column.null	rank-3,rank-4	closed-null-family	fwer	closed-sequential	secondary	8	200	200	0	0	0
rank.R3.n160.p6.q4.three-column.alternative	rank-3	closed-new-root	standard-power	closed-sequential	primary	48	200	200	0	0	0
rank.R3.n160.p6.q4.three-column.null	rank-4	raw-first-null	type-i	raw-stage	primary	3	200	200	0	0	0
rank.R3.n160.p6.q4.three-column.null	rank-4	closed-first-null	type-i	closed-sequential	secondary	3	200	200	0	0	0
rank.R3.n160.p6.q4.three-column.null	rank-4	closed-null-family	fwer	closed-sequential	secondary	3	200	200	0	0	0
rank.R4.n160.p6.q4.three-column.alternative	rank-4	closed-new-root	descriptive-power	closed-sequential	descriptive	6	200	200	0	0	0
