"cell","engine","n","tRej","fRej","cov","vratio","vlo","rmse","white","df","passed","all"
"ar2-high-censored-short","existing-known-restart",8,0,0,7,2.6723,1.8202,0,0.0927,224,6,FALSE
"ar2-high-censored-short","existing-voxelwise",8,0,0,7,2.3233,1.6125,0.1061,0.0813,224,4,FALSE
"ar2-high-censored-short","known-continuous",8,0,0,8,1.6257,1.09,0,0.0952,216,6,FALSE
"ar2-high-censored-short","run-continuous-conditional",8,0,0,8,1.5851,1.0147,0.1069,0.085,216,4,FALSE
"ar2-high-censored-short","run-continuous-kr",8,0,0,8,1.6452,1.0571,0.1069,0.085,36.1,4,FALSE
"ar2-high-censored-short","pooled-continuous-conditional",8,0,0,7,1.8216,1.28,0.0819,0.0891,216,5,FALSE
"ar2-high-censored-short","pooled-continuous-kr",8,0,0,7,1.7877,1.257,0.0819,0.0891,36.1,5,FALSE
"ar2-high-censored-short","pooled-restart-conditional",8,0,0,7,2.9489,2.1624,0.0817,0.0866,224,5,FALSE
"ar2-high-censored-long","existing-known-restart",8,0,1,8,2.3257,1.671,0,0.0579,464,6,FALSE
"ar2-high-censored-long","existing-voxelwise",8,0,1,8,2.3339,1.6571,0.0584,0.0469,464,6,FALSE
"ar2-high-censored-long","known-continuous",8,0,0,8,3.0651,2.1585,0,0.059,449,6,FALSE
"ar2-high-censored-long","run-continuous-conditional",8,0,1,8,3.1191,2.2075,0.0585,0.0481,449,6,FALSE
"ar2-high-censored-long","run-continuous-kr",8,0,1,8,3.1691,2.2429,0.0585,0.0481,81.6,6,FALSE
"ar2-high-censored-long","pooled-continuous-conditional",8,0,1,8,3.1765,2.1901,0.0373,0.0548,449,6,FALSE
"ar2-high-censored-long","pooled-continuous-kr",8,0,1,8,3.1428,2.1675,0.0373,0.0548,81.6,6,FALSE
"ar2-high-censored-long","pooled-restart-conditional",8,0,1,8,2.4026,1.6751,0.0372,0.0538,464,6,FALSE
"ar2-high-complete-short","existing-known-restart",8,1,0,7,1.2687,0.7265,0,0.0978,224,6,FALSE
"ar2-high-complete-short","existing-voxelwise",8,1,1,7,1.4538,0.7862,0.1138,0.0849,224,3,FALSE
"ar2-high-complete-short","known-continuous",8,1,0,7,1.2773,0.7352,0,0.098,224,6,FALSE
"ar2-high-complete-short","run-continuous-conditional",8,1,1,7,1.4583,0.7907,0.1138,0.0851,224,3,FALSE
"ar2-high-complete-short","run-continuous-kr",8,1,1,7,1.5083,0.8173,0.1138,0.0851,36.2,3,FALSE
"ar2-high-complete-short","pooled-continuous-conditional",8,1,1,7,1.4088,0.7619,0.0912,0.0904,224,4,FALSE
"ar2-high-complete-short","pooled-continuous-kr",8,1,1,7,1.3787,0.7455,0.0912,0.0904,36.1,4,FALSE
"ar2-high-complete-short","pooled-restart-conditional",8,1,1,7,1.4055,0.7595,0.0912,0.0902,224,4,FALSE
"ar2-high-censored-short-voxel-heterogeneous","known-continuous",8,0,0,8,1.3211,0.8933,0,0.0943,216,6,FALSE
"ar2-high-censored-short-voxel-heterogeneous","run-continuous-conditional",8,0,1,8,1.5861,0.9219,0.1051,0.0841,216,4,FALSE
"ar2-high-censored-short-voxel-heterogeneous","run-continuous-kr",8,0,1,8,1.6292,0.9438,0.1051,0.0841,37.4,4,FALSE
"ar2-high-censored-short-voxel-heterogeneous","pooled-continuous-conditional",8,0,1,8,1.2403,0.823,0.0765,0.0865,216,5,FALSE
"ar2-high-censored-short-voxel-heterogeneous","pooled-continuous-kr",8,0,1,8,1.2136,0.805,0.0765,0.0865,36.9,5,FALSE
"ar2-high-censored-short-voxel-heterogeneous","pooled-restart-conditional",8,0,1,8,1.1285,0.8157,0.0754,0.0835,224,6,FALSE
"ar2-high-censored-short-run-heterogeneous","known-continuous",8,1,0,7,1.3385,0.8877,0,0.0977,216,6,FALSE
"ar2-high-censored-short-run-heterogeneous","run-continuous-conditional",8,1,1,6,0.9609,0.5629,0.1227,0.0844,216,4,FALSE
"ar2-high-censored-short-run-heterogeneous","run-continuous-kr",8,1,1,6,0.9939,0.5784,0.1227,0.0844,38.7,4,FALSE
"ar2-high-censored-short-run-heterogeneous","pooled-continuous-conditional",8,1,0,6,1.1288,0.6838,0.1432,0.1045,216,3,FALSE
"ar2-high-censored-short-run-heterogeneous","pooled-continuous-kr",8,1,0,6,1.1052,0.6683,0.1432,0.1045,37.5,3,FALSE
"ar2-high-censored-short-run-heterogeneous","pooled-restart-conditional",8,1,0,6,1.0816,0.7301,0.1429,0.1027,224,3,FALSE
