i	j	k	x_ras	y_ras	z_ras	native_x_ras	native_y_ras	native_z_ras
2.0	2.0	2.0	2.0073946118354797	-4.563773512840271	-9.5	1.6791073560216705	-4.917466124601387	-9.243755102157593
2.0	2.0	3.0	2.0073946118354797	-4.563773512840271	-8.0	1.6791073560216705	-4.917466124601387	-7.7723388671875
2.0	2.0	4.0	2.0073946118354797	-4.563773512840271	-6.5	1.6791073560216705	-4.917466124601387	-6.306846618652344
2.0	2.0	5.0	2.0073946118354797	-4.563773512840271	-5.0	1.6791073560216705	-4.917466124601387	-4.846331596374512
2.0	2.0	6.0	2.0073946118354797	-4.563773512840271	-3.5	1.6791073560216705	-4.917466124601387	-3.3897523880004883
2.0	2.0	7.0	2.0073946118354797	-4.563773512840271	-2.0	1.6791073560216705	-4.917466124601387	-1.9359912872314453
2.0	2.0	8.0	2.0073946118354797	-4.563773512840271	-0.5	1.6791073560216705	-4.917466124601387	-0.48387908935546875
2.0	2.0	9.0	2.0073946118354797	-4.563773512840271	1.0	1.6791073560216705	-4.917466124601387	0.9678068161010742
2.0	2.0	10.0	2.0073946118354797	-4.563773512840271	2.5	1.6791073560216705	-4.917466124601387	2.4203367233276367
2.0	2.0	11.0	2.0073946118354797	-4.563773512840271	4.0	1.6791073560216705	-4.917466124601387	3.874910354614258
2.0	2.0	12.0	2.0073946118354797	-4.563773512840271	5.5	1.6791073560216705	-4.917466124601387	5.332679748535156
2.0	3.0	2.0	2.1501064002513885	-3.271630644798279	-9.5	1.8906820348100264	-3.6300312653532463	-9.243755102157593
2.0	3.0	3.0	2.1501064002513885	-3.271630644798279	-8.0	1.8906820348100264	-3.6300312653532463	-7.7723388671875
2.0	3.0	4.0	2.1501064002513885	-3.271630644798279	-6.5	1.8906820348100264	-3.6300312653532463	-6.306846618652344
2.0	3.0	5.0	2.1501064002513885	-3.271630644798279	-5.0	1.8906820348100264	-3.6300312653532463	-4.846331596374512
2.0	3.0	6.0	2.1501064002513885	-3.271630644798279	-3.5	1.8906820348100264	-3.6300312653532463	-3.3897523880004883
2.0	3.0	7.0	2.1501064002513885	-3.271630644798279	-2.0	1.8906820348100264	-3.6300312653532463	-1.9359912872314453
2.0	3.0	8.0	2.1501064002513885	-3.271630644798279	-0.5	1.8906820348100264	-3.6300312653532463	-0.48387908935546875
2.0	3.0	9.0	2.1501064002513885	-3.271630644798279	1.0	1.8906820348100264	-3.6300312653532463	0.9678068161010742
2.0	3.0	10.0	2.1501064002513885	-3.271630644798279	2.5	1.8906820348100264	-3.6300312653532463	2.4203367233276367
2.0	3.0	11.0	2.1501064002513885	-3.271630644798279	4.0	1.8906820348100264	-3.6300312653532463	3.874910354614258
2.0	3.0	12.0	2.1501064002513885	-3.271630644798279	5.5	1.8906820348100264	-3.6300312653532463	5.332679748535156
2.0	4.0	2.0	2.2928181886672974	-1.9794877767562866	-9.5	2.107907078661148	-2.3428242028206405	-9.243755102157593
2.0	4.0	3.0	2.2928181886672974	-1.9794877767562866	-8.0	2.107907078661148	-2.3428242028206405	-7.7723388671875
2.0	4.0	4.0	2.2928181886672974	-1.9794877767562866	-6.5	2.107907078661148	-2.3428242028206405	-6.306846618652344
2.0	4.0	5.0	2.2928181886672974	-1.9794877767562866	-5.0	2.107907078661148	-2.3428242028206405	-4.846331596374512
2.0	4.0	6.0	2.2928181886672974	-1.9794877767562866	-3.5	2.107907078661148	-2.3428242028206405	-3.3897523880004883
2.0	4.0	7.0	2.2928181886672974	-1.9794877767562866	-2.0	2.107907078661148	-2.3428242028206405	-1.9359912872314453
2.0	4.0	8.0	2.2928181886672974	-1.9794877767562866	-0.5	2.107907078661148	-2.3428242028206405	-0.48387908935546875
2.0	4.0	9.0	2.2928181886672974	-1.9794877767562866	1.0	2.107907078661148	-2.3428242028206405	0.9678068161010742
2.0	4.0	10.0	2.2928181886672974	-1.9794877767562866	2.5	2.107907078661148	-2.3428242028206405	2.4203367233276367
2.0	4.0	11.0	2.2928181886672974	-1.9794877767562866	4.0	2.107907078661148	-2.3428242028206405	3.874910354614258
2.0	4.0	12.0	2.2928181886672974	-1.9794877767562866	5.5	2.107907078661148	-2.3428242028206405	5.332679748535156
2.0	5.0	2.0	2.435529977083206	-0.6873449087142944	-9.5	2.328877827190983	-1.0556460889139165	-9.243755102157593
2.0	5.0	3.0	2.435529977083206	-0.6873449087142944	-8.0	2.328877827190983	-1.0556460889139165	-7.7723388671875
2.0	5.0	4.0	2.435529977083206	-0.6873449087142944	-6.5	2.328877827190983	-1.0556460889139165	-6.306846618652344
2.0	5.0	5.0	2.435529977083206	-0.6873449087142944	-5.0	2.328877827190983	-1.0556460889139165	-4.846331596374512
2.0	5.0	6.0	2.435529977083206	-0.6873449087142944	-3.5	2.328877827190983	-1.0556460889139165	-3.3897523880004883
2.0	5.0	7.0	2.435529977083206	-0.6873449087142944	-2.0	2.328877827190983	-1.0556460889139165	-1.9359912872314453
2.0	5.0	8.0	2.435529977083206	-0.6873449087142944	-0.5	2.328877827190983	-1.0556460889139165	-0.48387908935546875
2.0	5.0	9.0	2.435529977083206	-0.6873449087142944	1.0	2.328877827190983	-1.0556460889139165	0.9678068161010742
2.0	5.0	10.0	2.435529977083206	-0.6873449087142944	2.5	2.328877827190983	-1.0556460889139165	2.4203367233276367
2.0	5.0	11.0	2.435529977083206	-0.6873449087142944	4.0	2.328877827190983	-1.0556460889139165	3.874910354614258
2.0	5.0	12.0	2.435529977083206	-0.6873449087142944	5.5	2.328877827190983	-1.0556460889139165	5.332679748535156
2.0	6.0	2.0	2.578241765499115	0.6047979593276978	-9.5	2.5516164191710127	0.23183186228873787	-9.243755102157593
2.0	6.0	3.0	2.578241765499115	0.6047979593276978	-8.0	2.5516164191710127	0.23183186228873787	-7.7723388671875
2.0	6.0	4.0	2.578241765499115	0.6047979593276978	-6.5	2.5516164191710127	0.23183186228873787	-6.306846618652344
2.0	6.0	5.0	2.578241765499115	0.6047979593276978	-5.0	2.5516164191710127	0.23183186228873787	-4.846331596374512
2.0	6.0	6.0	2.578241765499115	0.6047979593276978	-3.5	2.5516164191710127	0.23183186228873787	-3.3897523880004883
2.0	6.0	7.0	2.578241765499115	0.6047979593276978	-2.0	2.5516164191710127	0.23183186228873787	-1.9359912872314453
2.0	6.0	8.0	2.578241765499115	0.6047979593276978	-0.5	2.5516164191710127	0.23183186228873787	-0.48387908935546875
2.0	6.0	9.0	2.578241765499115	0.6047979593276978	1.0	2.5516164191710127	0.23183186228873787	0.9678068161010742
2.0	6.0	10.0	2.578241765499115	0.6047979593276978	2.5	2.5516164191710127	0.23183186228873787	2.4203367233276367
2.0	6.0	11.0	2.578241765499115	0.6047979593276978	4.0	2.5516164191710127	0.23183186228873787	3.874910354614258
2.0	6.0	12.0	2.578241765499115	0.6047979593276978	5.5	2.5516164191710127	0.23183186228873787	5.332679748535156
2.0	7.0	2.0	2.720953553915024	1.89694082736969	-9.5	2.774151002812785	1.5202491220675522	-9.243755102157593
2.0	7.0	3.0	2.720953553915024	1.89694082736969	-8.0	2.774151002812785	1.5202491220675522	-7.7723388671875
2.0	7.0	4.0	2.720953553915024	1.89694082736969	-6.5	2.774151002812785	1.5202491220675522	-6.306846618652344
2.0	7.0	5.0	2.720953553915024	1.89694082736969	-5.0	2.774151002812785	1.5202491220675522	-4.846331596374512
2.0	7.0	6.0	2.720953553915024	1.89694082736969	-3.5	2.774151002812785	1.5202491220675522	-3.3897523880004883
2.0	7.0	7.0	2.720953553915024	1.89694082736969	-2.0	2.774151002812785	1.5202491220675522	-1.9359912872314453
2.0	7.0	8.0	2.720953553915024	1.89694082736969	-0.5	2.774151002812785	1.5202491220675522	-0.48387908935546875
2.0	7.0	9.0	2.720953553915024	1.89694082736969	1.0	2.774151002812785	1.5202491220675522	0.9678068161010742
2.0	7.0	10.0	2.720953553915024	1.89694082736969	2.5	2.774151002812785	1.5202491220675522	2.4203367233276367
2.0	7.0	11.0	2.720953553915024	1.89694082736969	4.0	2.774151002812785	1.5202491220675522	3.874910354614258
2.0	7.0	12.0	2.720953553915024	1.89694082736969	5.5	2.774151002812785	1.5202491220675522	5.332679748535156
2.0	8.0	2.0	2.8636653423309326	3.189083695411682	-9.5	2.9943295971237998	2.809183250108285	-9.243755102157593
2.0	8.0	3.0	2.8636653423309326	3.189083695411682	-8.0	2.9943295971237998	2.809183250108285	-7.7723388671875
2.0	8.0	4.0	2.8636653423309326	3.189083695411682	-6.5	2.9943295971237998	2.809183250108285	-6.306846618652344
2.0	8.0	5.0	2.8636653423309326	3.189083695411682	-5.0	2.9943295971237998	2.809183250108285	-4.846331596374512
2.0	8.0	6.0	2.8636653423309326	3.189083695411682	-3.5	2.9943295971237998	2.809183250108285	-3.3897523880004883
2.0	8.0	7.0	2.8636653423309326	3.189083695411682	-2.0	2.9943295971237998	2.809183250108285	-1.9359912872314453
2.0	8.0	8.0	2.8636653423309326	3.189083695411682	-0.5	2.9943295971237998	2.809183250108285	-0.48387908935546875
2.0	8.0	9.0	2.8636653423309326	3.189083695411682	1.0	2.9943295971237998	2.809183250108285	0.9678068161010742
2.0	8.0	10.0	2.8636653423309326	3.189083695411682	2.5	2.9943295971237998	2.809183250108285	2.4203367233276367
2.0	8.0	11.0	2.8636653423309326	3.189083695411682	4.0	2.9943295971237998	2.809183250108285	3.874910354614258
2.0	8.0	12.0	2.8636653423309326	3.189083695411682	5.5	2.9943295971237998	2.809183250108285	5.332679748535156
2.0	9.0	2.0	3.0063771307468414	4.481226563453674	-9.5	3.210156579213996	4.098787011742461	-9.243755102157593
2.0	9.0	3.0	3.0063771307468414	4.481226563453674	-8.0	3.210156579213996	4.098787011742461	-7.7723388671875
2.0	9.0	4.0	3.0063771307468414	4.481226563453674	-6.5	3.210156579213996	4.098787011742461	-6.306846618652344
2.0	9.0	5.0	3.0063771307468414	4.481226563453674	-5.0	3.210156579213996	4.098787011742461	-4.846331596374512
2.0	9.0	6.0	3.0063771307468414	4.481226563453674	-3.5	3.210156579213996	4.098787011742461	-3.3897523880004883
2.0	9.0	7.0	3.0063771307468414	4.481226563453674	-2.0	3.210156579213996	4.098787011742461	-1.9359912872314453
2.0	9.0	8.0	3.0063771307468414	4.481226563453674	-0.5	3.210156579213996	4.098787011742461	-0.48387908935546875
2.0	9.0	9.0	3.0063771307468414	4.481226563453674	1.0	3.210156579213996	4.098787011742461	0.9678068161010742
2.0	9.0	10.0	3.0063771307468414	4.481226563453674	2.5	3.210156579213996	4.098787011742461	2.4203367233276367
2.0	9.0	11.0	3.0063771307468414	4.481226563453674	4.0	3.210156579213996	4.098787011742461	3.874910354614258
2.0	9.0	12.0	3.0063771307468414	4.481226563453674	5.5	3.210156579213996	4.098787011742461	5.332679748535156
2.0	10.0	2.0	3.1490889191627502	5.7733694314956665	-9.5	3.4197411007217755	5.389195363817141	-9.243755102157593
2.0	10.0	3.0	3.1490889191627502	5.7733694314956665	-8.0	3.4197411007217755	5.389195363817141	-7.7723388671875
2.0	10.0	4.0	3.1490889191627502	5.7733694314956665	-6.5	3.4197411007217755	5.389195363817141	-6.306846618652344
2.0	10.0	5.0	3.1490889191627502	5.7733694314956665	-5.0	3.4197411007217755	5.389195363817141	-4.846331596374512
2.0	10.0	6.0	3.1490889191627502	5.7733694314956665	-3.5	3.4197411007217755	5.389195363817141	-3.3897523880004883
2.0	10.0	7.0	3.1490889191627502	5.7733694314956665	-2.0	3.4197411007217755	5.389195363817141	-1.9359912872314453
2.0	10.0	8.0	3.1490889191627502	5.7733694314956665	-0.5	3.4197411007217755	5.389195363817141	-0.48387908935546875
2.0	10.0	9.0	3.1490889191627502	5.7733694314956665	1.0	3.4197411007217755	5.389195363817141	0.9678068161010742
2.0	10.0	10.0	3.1490889191627502	5.7733694314956665	2.5	3.4197411007217755	5.389195363817141	2.4203367233276367
2.0	10.0	11.0	3.1490889191627502	5.7733694314956665	4.0	3.4197411007217755	5.389195363817141	3.874910354614258
2.0	10.0	12.0	3.1490889191627502	5.7733694314956665	5.5	3.4197411007217755	5.389195363817141	5.332679748535156
3.0	2.0	2.0	0.8146472573280334	-4.432039558887482	-9.5	0.49123177604965873	-4.79646919874441	-9.243755102157593
3.0	2.0	3.0	0.8146472573280334	-4.432039558887482	-8.0	0.49123177604965873	-4.79646919874441	-7.7723388671875
3.0	2.0	4.0	0.8146472573280334	-4.432039558887482	-6.5	0.49123177604965873	-4.79646919874441	-6.306846618652344
3.0	2.0	5.0	0.8146472573280334	-4.432039558887482	-5.0	0.49123177604965873	-4.79646919874441	-4.846331596374512
3.0	2.0	6.0	0.8146472573280334	-4.432039558887482	-3.5	0.49123177604965873	-4.79646919874441	-3.3897523880004883
3.0	2.0	7.0	0.8146472573280334	-4.432039558887482	-2.0	0.49123177604965873	-4.79646919874441	-1.9359912872314453
3.0	2.0	8.0	0.8146472573280334	-4.432039558887482	-0.5	0.49123177604965873	-4.79646919874441	-0.48387908935546875
3.0	2.0	9.0	0.8146472573280334	-4.432039558887482	1.0	0.49123177604965873	-4.79646919874441	0.9678068161010742
3.0	2.0	10.0	0.8146472573280334	-4.432039558887482	2.5	0.49123177604965873	-4.79646919874441	2.4203367233276367
3.0	2.0	11.0	0.8146472573280334	-4.432039558887482	4.0	0.49123177604965873	-4.79646919874441	3.874910354614258
3.0	2.0	12.0	0.8146472573280334	-4.432039558887482	5.5	0.49123177604965873	-4.79646919874441	5.332679748535156
3.0	3.0	2.0	0.9573590457439423	-3.1398966908454895	-9.5	0.7031362701537667	-3.5111866446450724	-9.243755102157593
3.0	3.0	3.0	0.9573590457439423	-3.1398966908454895	-8.0	0.7031362701537667	-3.5111866446450724	-7.7723388671875
3.0	3.0	4.0	0.9573590457439423	-3.1398966908454895	-6.5	0.7031362701537667	-3.5111866446450724	-6.306846618652344
3.0	3.0	5.0	0.9573590457439423	-3.1398966908454895	-5.0	0.7031362701537667	-3.5111866446450724	-4.846331596374512
3.0	3.0	6.0	0.9573590457439423	-3.1398966908454895	-3.5	0.7031362701537667	-3.5111866446450724	-3.3897523880004883
3.0	3.0	7.0	0.9573590457439423	-3.1398966908454895	-2.0	0.7031362701537667	-3.5111866446450724	-1.9359912872314453
3.0	3.0	8.0	0.9573590457439423	-3.1398966908454895	-0.5	0.7031362701537667	-3.5111866446450724	-0.48387908935546875
3.0	3.0	9.0	0.9573590457439423	-3.1398966908454895	1.0	0.7031362701537667	-3.5111866446450724	0.9678068161010742
3.0	3.0	10.0	0.9573590457439423	-3.1398966908454895	2.5	0.7031362701537667	-3.5111866446450724	2.4203367233276367
3.0	3.0	11.0	0.9573590457439423	-3.1398966908454895	4.0	0.7031362701537667	-3.5111866446450724	3.874910354614258
3.0	3.0	12.0	0.9573590457439423	-3.1398966908454895	5.5	0.7031362701537667	-3.5111866446450724	5.332679748535156
3.0	4.0	2.0	1.100070834159851	-1.8477538228034973	-9.5	0.9204757245644029	-2.226160148132224	-9.243755102157593
3.0	4.0	3.0	1.100070834159851	-1.8477538228034973	-8.0	0.9204757245644029	-2.226160148132224	-7.7723388671875
3.0	4.0	4.0	1.100070834159851	-1.8477538228034973	-6.5	0.9204757245644029	-2.226160148132224	-6.306846618652344
3.0	4.0	5.0	1.100070834159851	-1.8477538228034973	-5.0	0.9204757245644029	-2.226160148132224	-4.846331596374512
3.0	4.0	6.0	1.100070834159851	-1.8477538228034973	-3.5	0.9204757245644029	-2.226160148132224	-3.3897523880004883
3.0	4.0	7.0	1.100070834159851	-1.8477538228034973	-2.0	0.9204757245644029	-2.226160148132224	-1.9359912872314453
3.0	4.0	8.0	1.100070834159851	-1.8477538228034973	-0.5	0.9204757245644029	-2.226160148132224	-0.48387908935546875
3.0	4.0	9.0	1.100070834159851	-1.8477538228034973	1.0	0.9204757245644029	-2.226160148132224	0.9678068161010742
3.0	4.0	10.0	1.100070834159851	-1.8477538228034973	2.5	0.9204757245644029	-2.226160148132224	2.4203367233276367
3.0	4.0	11.0	1.100070834159851	-1.8477538228034973	4.0	0.9204757245644029	-2.226160148132224	3.874910354614258
3.0	4.0	12.0	1.100070834159851	-1.8477538228034973	5.5	0.9204757245644029	-2.226160148132224	5.332679748535156
3.0	5.0	2.0	1.2427826225757599	-0.5556109547615051	-9.5	1.1413408036759494	-0.9411680370040418	-9.243755102157593
3.0	5.0	3.0	1.2427826225757599	-0.5556109547615051	-8.0	1.1413408036759494	-0.9411680370040418	-7.7723388671875
3.0	5.0	4.0	1.2427826225757599	-0.5556109547615051	-6.5	1.1413408036759494	-0.9411680370040418	-6.306846618652344
3.0	5.0	5.0	1.2427826225757599	-0.5556109547615051	-5.0	1.1413408036759494	-0.9411680370040418	-4.846331596374512
3.0	5.0	6.0	1.2427826225757599	-0.5556109547615051	-3.5	1.1413408036759494	-0.9411680370040418	-3.3897523880004883
3.0	5.0	7.0	1.2427826225757599	-0.5556109547615051	-2.0	1.1413408036759494	-0.9411680370040418	-1.9359912872314453
3.0	5.0	8.0	1.2427826225757599	-0.5556109547615051	-0.5	1.1413408036759494	-0.9411680370040418	-0.48387908935546875
3.0	5.0	9.0	1.2427826225757599	-0.5556109547615051	1.0	1.1413408036759494	-0.9411680370040418	0.9678068161010742
3.0	5.0	10.0	1.2427826225757599	-0.5556109547615051	2.5	1.1413408036759494	-0.9411680370040418	2.4203367233276367
3.0	5.0	11.0	1.2427826225757599	-0.5556109547615051	4.0	1.1413408036759494	-0.9411680370040418	3.874910354614258
3.0	5.0	12.0	1.2427826225757599	-0.5556109547615051	5.5	1.1413408036759494	-0.9411680370040418	5.332679748535156
3.0	6.0	2.0	1.3854944109916687	0.7365319132804871	-9.5	1.363771646471453	0.3442119542035531	-9.243755102157593
3.0	6.0	3.0	1.3854944109916687	0.7365319132804871	-8.0	1.363771646471453	0.3442119542035531	-7.7723388671875
3.0	6.0	4.0	1.3854944109916687	0.7365319132804871	-6.5	1.363771646471453	0.3442119542035531	-6.306846618652344
3.0	6.0	5.0	1.3854944109916687	0.7365319132804871	-5.0	1.363771646471453	0.3442119542035531	-4.846331596374512
3.0	6.0	6.0	1.3854944109916687	0.7365319132804871	-3.5	1.363771646471453	0.3442119542035531	-3.3897523880004883
3.0	6.0	7.0	1.3854944109916687	0.7365319132804871	-2.0	1.363771646471453	0.3442119542035531	-1.9359912872314453
3.0	6.0	8.0	1.3854944109916687	0.7365319132804871	-0.5	1.363771646471453	0.3442119542035531	-0.48387908935546875
3.0	6.0	9.0	1.3854944109916687	0.7365319132804871	1.0	1.363771646471453	0.3442119542035531	0.9678068161010742
3.0	6.0	10.0	1.3854944109916687	0.7365319132804871	2.5	1.363771646471453	0.3442119542035531	2.4203367233276367
3.0	6.0	11.0	1.3854944109916687	0.7365319132804871	4.0	1.363771646471453	0.3442119542035531	3.874910354614258
3.0	6.0	12.0	1.3854944109916687	0.7365319132804871	5.5	1.363771646471453	0.3442119542035531	5.332679748535156
3.0	7.0	2.0	1.5282061994075775	2.0286747813224792	-9.5	1.5857900842782038	1.6305360405331477	-9.243755102157593
3.0	7.0	3.0	1.5282061994075775	2.0286747813224792	-8.0	1.5857900842782038	1.6305360405331477	-7.7723388671875
3.0	7.0	4.0	1.5282061994075775	2.0286747813224792	-6.5	1.5857900842782038	1.6305360405331477	-6.306846618652344
3.0	7.0	5.0	1.5282061994075775	2.0286747813224792	-5.0	1.5857900842782038	1.6305360405331477	-4.846331596374512
3.0	7.0	6.0	1.5282061994075775	2.0286747813224792	-3.5	1.5857900842782038	1.6305360405331477	-3.3897523880004883
3.0	7.0	7.0	1.5282061994075775	2.0286747813224792	-2.0	1.5857900842782038	1.6305360405331477	-1.9359912872314453
3.0	7.0	8.0	1.5282061994075775	2.0286747813224792	-0.5	1.5857900842782038	1.6305360405331477	-0.48387908935546875
3.0	7.0	9.0	1.5282061994075775	2.0286747813224792	1.0	1.5857900842782038	1.6305360405331477	0.9678068161010742
3.0	7.0	10.0	1.5282061994075775	2.0286747813224792	2.5	1.5857900842782038	1.6305360405331477	2.4203367233276367
3.0	7.0	11.0	1.5282061994075775	2.0286747813224792	4.0	1.5857900842782038	1.6305360405331477	3.874910354614258
3.0	7.0	12.0	1.5282061994075775	2.0286747813224792	5.5	1.5857900842782038	1.6305360405331477	5.332679748535156
3.0	8.0	2.0	1.6709179878234863	3.3208176493644714	-9.5	1.805267926418761	2.9174386414724633	-9.243755102157593
3.0	8.0	3.0	1.6709179878234863	3.3208176493644714	-8.0	1.805267926418761	2.9174386414724633	-7.7723388671875
3.0	8.0	4.0	1.6709179878234863	3.3208176493644714	-6.5	1.805267926418761	2.9174386414724633	-6.306846618652344
3.0	8.0	5.0	1.6709179878234863	3.3208176493644714	-5.0	1.805267926418761	2.9174386414724633	-4.846331596374512
3.0	8.0	6.0	1.6709179878234863	3.3208176493644714	-3.5	1.805267926418761	2.9174386414724633	-3.3897523880004883
3.0	8.0	7.0	1.6709179878234863	3.3208176493644714	-2.0	1.805267926418761	2.9174386414724633	-1.9359912872314453
3.0	8.0	8.0	1.6709179878234863	3.3208176493644714	-0.5	1.805267926418761	2.9174386414724633	-0.48387908935546875
3.0	8.0	9.0	1.6709179878234863	3.3208176493644714	1.0	1.805267926418761	2.9174386414724633	0.9678068161010742
3.0	8.0	10.0	1.6709179878234863	3.3208176493644714	2.5	1.805267926418761	2.9174386414724633	2.4203367233276367
3.0	8.0	11.0	1.6709179878234863	3.3208176493644714	4.0	1.805267926418761	2.9174386414724633	3.874910354614258
3.0	8.0	12.0	1.6709179878234863	3.3208176493644714	5.5	1.805267926418761	2.9174386414724633	5.332679748535156
3.0	9.0	2.0	1.8136297762393951	4.612960517406464	-9.5	2.020234498400223	4.205089915845617	-9.243755102157593
3.0	9.0	3.0	1.8136297762393951	4.612960517406464	-8.0	2.020234498400223	4.205089915845617	-7.7723388671875
3.0	9.0	4.0	1.8136297762393951	4.612960517406464	-6.5	2.020234498400223	4.205089915845617	-6.306846618652344
3.0	9.0	5.0	1.8136297762393951	4.612960517406464	-5.0	2.020234498400223	4.205089915845617	-4.846331596374512
3.0	9.0	6.0	1.8136297762393951	4.612960517406464	-3.5	2.020234498400223	4.205089915845617	-3.3897523880004883
3.0	9.0	7.0	1.8136297762393951	4.612960517406464	-2.0	2.020234498400223	4.205089915845617	-1.9359912872314453
3.0	9.0	8.0	1.8136297762393951	4.612960517406464	-0.5	2.020234498400223	4.205089915845617	-0.48387908935546875
3.0	9.0	9.0	1.8136297762393951	4.612960517406464	1.0	2.020234498400223	4.205089915845617	0.9678068161010742
3.0	9.0	10.0	1.8136297762393951	4.612960517406464	2.5	2.020234498400223	4.205089915845617	2.4203367233276367
3.0	9.0	11.0	1.8136297762393951	4.612960517406464	4.0	2.020234498400223	4.205089915845617	3.874910354614258
3.0	9.0	12.0	1.8136297762393951	4.612960517406464	5.5	2.020234498400223	4.205089915845617	5.332679748535156
3.0	10.0	2.0	1.956341564655304	5.905103385448456	-9.5	2.2288272179445334	5.493641847567691	-9.243755102157593
3.0	10.0	3.0	1.956341564655304	5.905103385448456	-8.0	2.2288272179445334	5.493641847567691	-7.7723388671875
3.0	10.0	4.0	1.956341564655304	5.905103385448456	-6.5	2.2288272179445334	5.493641847567691	-6.306846618652344
3.0	10.0	5.0	1.956341564655304	5.905103385448456	-5.0	2.2288272179445334	5.493641847567691	-4.846331596374512
3.0	10.0	6.0	1.956341564655304	5.905103385448456	-3.5	2.2288272179445334	5.493641847567691	-3.3897523880004883
3.0	10.0	7.0	1.956341564655304	5.905103385448456	-2.0	2.2288272179445334	5.493641847567691	-1.9359912872314453
3.0	10.0	8.0	1.956341564655304	5.905103385448456	-0.5	2.2288272179445334	5.493641847567691	-0.48387908935546875
3.0	10.0	9.0	1.956341564655304	5.905103385448456	1.0	2.2288272179445334	5.493641847567691	0.9678068161010742
3.0	10.0	10.0	1.956341564655304	5.905103385448456	2.5	2.2288272179445334	5.493641847567691	2.4203367233276367
3.0	10.0	11.0	1.956341564655304	5.905103385448456	4.0	2.2288272179445334	5.493641847567691	3.874910354614258
3.0	10.0	12.0	1.956341564655304	5.905103385448456	5.5	2.2288272179445334	5.493641847567691	5.332679748535156
4.0	2.0	2.0	-0.37810009717941284	-4.300305604934692	-9.5	-0.6944993810895115	-4.664871624969103	-9.243755102157593
4.0	2.0	3.0	-0.37810009717941284	-4.300305604934692	-8.0	-0.6944993810895115	-4.664871624969103	-7.7723388671875
4.0	2.0	4.0	-0.37810009717941284	-4.300305604934692	-6.5	-0.6944993810895115	-4.664871624969103	-6.306846618652344
4.0	2.0	5.0	-0.37810009717941284	-4.300305604934692	-5.0	-0.6944993810895115	-4.664871624969103	-4.846331596374512
4.0	2.0	6.0	-0.37810009717941284	-4.300305604934692	-3.5	-0.6944993810895115	-4.664871624969103	-3.3897523880004883
4.0	2.0	7.0	-0.37810009717941284	-4.300305604934692	-2.0	-0.6944993810895115	-4.664871624969103	-1.9359912872314453
4.0	2.0	8.0	-0.37810009717941284	-4.300305604934692	-0.5	-0.6944993810895115	-4.664871624969103	-0.48387908935546875
4.0	2.0	9.0	-0.37810009717941284	-4.300305604934692	1.0	-0.6944993810895115	-4.664871624969103	0.9678068161010742
4.0	2.0	10.0	-0.37810009717941284	-4.300305604934692	2.5	-0.6944993810895115	-4.664871624969103	2.4203367233276367
4.0	2.0	11.0	-0.37810009717941284	-4.300305604934692	4.0	-0.6944993810895115	-4.664871624969103	3.874910354614258
4.0	2.0	12.0	-0.37810009717941284	-4.300305604934692	5.5	-0.6944993810895115	-4.664871624969103	5.332679748535156
4.0	3.0	2.0	-0.23538830876350403	-3.0081627368927	-9.5	-0.48235945055343965	-3.3815968658764044	-9.243755102157593
4.0	3.0	3.0	-0.23538830876350403	-3.0081627368927	-8.0	-0.48235945055343965	-3.3815968658764044	-7.7723388671875
4.0	3.0	4.0	-0.23538830876350403	-3.0081627368927	-6.5	-0.48235945055343965	-3.3815968658764044	-6.306846618652344
4.0	3.0	5.0	-0.23538830876350403	-3.0081627368927	-5.0	-0.48235945055343965	-3.3815968658764044	-4.846331596374512
4.0	3.0	6.0	-0.23538830876350403	-3.0081627368927	-3.5	-0.48235945055343965	-3.3815968658764044	-3.3897523880004883
4.0	3.0	7.0	-0.23538830876350403	-3.0081627368927	-2.0	-0.48235945055343965	-3.3815968658764044	-1.9359912872314453
4.0	3.0	8.0	-0.23538830876350403	-3.0081627368927	-0.5	-0.48235945055343965	-3.3815968658764044	-0.48387908935546875
4.0	3.0	9.0	-0.23538830876350403	-3.0081627368927	1.0	-0.48235945055343965	-3.3815968658764044	0.9678068161010742
4.0	3.0	10.0	-0.23538830876350403	-3.0081627368927	2.5	-0.48235945055343965	-3.3815968658764044	2.4203367233276367
4.0	3.0	11.0	-0.23538830876350403	-3.0081627368927	4.0	-0.48235945055343965	-3.3815968658764044	3.874910354614258
4.0	3.0	12.0	-0.23538830876350403	-3.0081627368927	5.5	-0.48235945055343965	-3.3815968658764044	5.332679748535156
4.0	4.0	2.0	-0.09267652034759521	-1.716019868850708	-9.5	-0.2649791670415311	-2.098602725521837	-9.243755102157593
4.0	4.0	3.0	-0.09267652034759521	-1.716019868850708	-8.0	-0.2649791670415311	-2.098602725521837	-7.7723388671875
4.0	4.0	4.0	-0.09267652034759521	-1.716019868850708	-6.5	-0.2649791670415311	-2.098602725521837	-6.306846618652344
4.0	4.0	5.0	-0.09267652034759521	-1.716019868850708	-5.0	-0.2649791670415311	-2.098602725521837	-4.846331596374512
4.0	4.0	6.0	-0.09267652034759521	-1.716019868850708	-3.5	-0.2649791670415311	-2.098602725521837	-3.3897523880004883
4.0	4.0	7.0	-0.09267652034759521	-1.716019868850708	-2.0	-0.2649791670415311	-2.098602725521837	-1.9359912872314453
4.0	4.0	8.0	-0.09267652034759521	-1.716019868850708	-0.5	-0.2649791670415311	-2.098602725521837	-0.48387908935546875
4.0	4.0	9.0	-0.09267652034759521	-1.716019868850708	1.0	-0.2649791670415311	-2.098602725521837	0.9678068161010742
4.0	4.0	10.0	-0.09267652034759521	-1.716019868850708	2.5	-0.2649791670415311	-2.098602725521837	2.4203367233276367
4.0	4.0	11.0	-0.09267652034759521	-1.716019868850708	4.0	-0.2649791670415311	-2.098602725521837	3.874910354614258
4.0	4.0	12.0	-0.09267652034759521	-1.716019868850708	5.5	-0.2649791670415311	-2.098602725521837	5.332679748535156
4.0	5.0	2.0	0.0500352680683136	-0.4238770008087158	-9.5	-0.04426029422757871	-0.8156510974729096	-9.243755102157593
4.0	5.0	3.0	0.0500352680683136	-0.4238770008087158	-8.0	-0.04426029422757871	-0.8156510974729096	-7.7723388671875
4.0	5.0	4.0	0.0500352680683136	-0.4238770008087158	-6.5	-0.04426029422757871	-0.8156510974729096	-6.306846618652344
4.0	5.0	5.0	0.0500352680683136	-0.4238770008087158	-5.0	-0.04426029422757871	-0.8156510974729096	-4.846331596374512
4.0	5.0	6.0	0.0500352680683136	-0.4238770008087158	-3.5	-0.04426029422757871	-0.8156510974729096	-3.3897523880004883
4.0	5.0	7.0	0.0500352680683136	-0.4238770008087158	-2.0	-0.04426029422757871	-0.8156510974729096	-1.9359912872314453
4.0	5.0	8.0	0.0500352680683136	-0.4238770008087158	-0.5	-0.04426029422757871	-0.8156510974729096	-0.48387908935546875
4.0	5.0	9.0	0.0500352680683136	-0.4238770008087158	1.0	-0.04426029422757871	-0.8156510974729096	0.9678068161010742
4.0	5.0	10.0	0.0500352680683136	-0.4238770008087158	2.5	-0.04426029422757871	-0.8156510974729096	2.4203367233276367
4.0	5.0	11.0	0.0500352680683136	-0.4238770008087158	4.0	-0.04426029422757871	-0.8156510974729096	3.874910354614258
4.0	5.0	12.0	0.0500352680683136	-0.4238770008087158	5.5	-0.04426029422757871	-0.8156510974729096	5.332679748535156
4.0	6.0	2.0	0.1927470564842224	0.8682658672332764	-9.5	0.17785891409338417	0.4677738446341566	-9.243755102157593
4.0	6.0	3.0	0.1927470564842224	0.8682658672332764	-8.0	0.17785891409338417	0.4677738446341566	-7.7723388671875
4.0	6.0	4.0	0.1927470564842224	0.8682658672332764	-6.5	0.17785891409338417	0.4677738446341566	-6.306846618652344
4.0	6.0	5.0	0.1927470564842224	0.8682658672332764	-5.0	0.17785891409338417	0.4677738446341566	-4.846331596374512
4.0	6.0	6.0	0.1927470564842224	0.8682658672332764	-3.5	0.17785891409338417	0.4677738446341566	-3.3897523880004883
4.0	6.0	7.0	0.1927470564842224	0.8682658672332764	-2.0	0.17785891409338417	0.4677738446341566	-1.9359912872314453
4.0	6.0	8.0	0.1927470564842224	0.8682658672332764	-0.5	0.17785891409338417	0.4677738446341566	-0.48387908935546875
4.0	6.0	9.0	0.1927470564842224	0.8682658672332764	1.0	0.17785891409338417	0.4677738446341566	0.9678068161010742
4.0	6.0	10.0	0.1927470564842224	0.8682658672332764	2.5	0.17785891409338417	0.4677738446341566	2.4203367233276367
4.0	6.0	11.0	0.1927470564842224	0.8682658672332764	4.0	0.17785891409338417	0.4677738446341566	3.874910354614258
4.0	6.0	12.0	0.1927470564842224	0.8682658672332764	5.5	0.17785891409338417	0.4677738446341566	5.332679748535156
4.0	7.0	2.0	0.3354588449001312	2.1604087352752686	-9.5	0.3993877593866655	1.752104008714479	-9.243755102157593
4.0	7.0	3.0	0.3354588449001312	2.1604087352752686	-8.0	0.3993877593866655	1.752104008714479	-7.7723388671875
4.0	7.0	4.0	0.3354588449001312	2.1604087352752686	-6.5	0.3993877593866655	1.752104008714479	-6.306846618652344
4.0	7.0	5.0	0.3354588449001312	2.1604087352752686	-5.0	0.3993877593866655	1.752104008714479	-4.846331596374512
4.0	7.0	6.0	0.3354588449001312	2.1604087352752686	-3.5	0.3993877593866655	1.752104008714479	-3.3897523880004883
4.0	7.0	7.0	0.3354588449001312	2.1604087352752686	-2.0	0.3993877593866655	1.752104008714479	-1.9359912872314453
4.0	7.0	8.0	0.3354588449001312	2.1604087352752686	-0.5	0.3993877593866655	1.752104008714479	-0.48387908935546875
4.0	7.0	9.0	0.3354588449001312	2.1604087352752686	1.0	0.3993877593866655	1.752104008714479	0.9678068161010742
4.0	7.0	10.0	0.3354588449001312	2.1604087352752686	2.5	0.3993877593866655	1.752104008714479	2.4203367233276367
4.0	7.0	11.0	0.3354588449001312	2.1604087352752686	4.0	0.3993877593866655	1.752104008714479	3.874910354614258
4.0	7.0	12.0	0.3354588449001312	2.1604087352752686	5.5	0.3993877593866655	1.752104008714479	5.332679748535156
4.0	8.0	2.0	0.47817063331604004	3.4525516033172607	-9.5	0.6182263791836404	3.03705655838127	-9.243755102157593
4.0	8.0	3.0	0.47817063331604004	3.4525516033172607	-8.0	0.6182263791836404	3.03705655838127	-7.7723388671875
4.0	8.0	4.0	0.47817063331604004	3.4525516033172607	-6.5	0.6182263791836404	3.03705655838127	-6.306846618652344
4.0	8.0	5.0	0.47817063331604004	3.4525516033172607	-5.0	0.6182263791836404	3.03705655838127	-4.846331596374512
4.0	8.0	6.0	0.47817063331604004	3.4525516033172607	-3.5	0.6182263791836404	3.03705655838127	-3.3897523880004883
4.0	8.0	7.0	0.47817063331604004	3.4525516033172607	-2.0	0.6182263791836404	3.03705655838127	-1.9359912872314453
4.0	8.0	8.0	0.47817063331604004	3.4525516033172607	-0.5	0.6182263791836404	3.03705655838127	-0.48387908935546875
4.0	8.0	9.0	0.47817063331604004	3.4525516033172607	1.0	0.6182263791836404	3.03705655838127	0.9678068161010742
4.0	8.0	10.0	0.47817063331604004	3.4525516033172607	2.5	0.6182263791836404	3.03705655838127	2.4203367233276367
4.0	8.0	11.0	0.47817063331604004	3.4525516033172607	4.0	0.6182263791836404	3.03705655838127	3.874910354614258
4.0	8.0	12.0	0.47817063331604004	3.4525516033172607	5.5	0.6182263791836404	3.03705655838127	5.332679748535156
4.0	9.0	2.0	0.6208824217319489	4.744694471359253	-9.5	0.8324179893799144	4.322818828052123	-9.243755102157593
4.0	9.0	3.0	0.6208824217319489	4.744694471359253	-8.0	0.8324179893799144	4.322818828052123	-7.7723388671875
4.0	9.0	4.0	0.6208824217319489	4.744694471359253	-6.5	0.8324179893799144	4.322818828052123	-6.306846618652344
4.0	9.0	5.0	0.6208824217319489	4.744694471359253	-5.0	0.8324179893799144	4.322818828052123	-4.846331596374512
4.0	9.0	6.0	0.6208824217319489	4.744694471359253	-3.5	0.8324179893799144	4.322818828052123	-3.3897523880004883
4.0	9.0	7.0	0.6208824217319489	4.744694471359253	-2.0	0.8324179893799144	4.322818828052123	-1.9359912872314453
4.0	9.0	8.0	0.6208824217319489	4.744694471359253	-0.5	0.8324179893799144	4.322818828052123	-0.48387908935546875
4.0	9.0	9.0	0.6208824217319489	4.744694471359253	1.0	0.8324179893799144	4.322818828052123	0.9678068161010742
4.0	9.0	10.0	0.6208824217319489	4.744694471359253	2.5	0.8324179893799144	4.322818828052123	2.4203367233276367
4.0	9.0	11.0	0.6208824217319489	4.744694471359253	4.0	0.8324179893799144	4.322818828052123	3.874910354614258
4.0	9.0	12.0	0.6208824217319489	4.744694471359253	5.5	0.8324179893799144	4.322818828052123	5.332679748535156
4.0	10.0	2.0	0.7635942101478577	6.036837339401245	-9.5	1.0401166123701038	5.609556319297816	-9.243755102157593
4.0	10.0	3.0	0.7635942101478577	6.036837339401245	-8.0	1.0401166123701038	5.609556319297816	-7.7723388671875
4.0	10.0	4.0	0.7635942101478577	6.036837339401245	-6.5	1.0401166123701038	5.609556319297816	-6.306846618652344
4.0	10.0	5.0	0.7635942101478577	6.036837339401245	-5.0	1.0401166123701038	5.609556319297816	-4.846331596374512
4.0	10.0	6.0	0.7635942101478577	6.036837339401245	-3.5	1.0401166123701038	5.609556319297816	-3.3897523880004883
4.0	10.0	7.0	0.7635942101478577	6.036837339401245	-2.0	1.0401166123701038	5.609556319297816	-1.9359912872314453
4.0	10.0	8.0	0.7635942101478577	6.036837339401245	-0.5	1.0401166123701038	5.609556319297816	-0.48387908935546875
4.0	10.0	9.0	0.7635942101478577	6.036837339401245	1.0	1.0401166123701038	5.609556319297816	0.9678068161010742
4.0	10.0	10.0	0.7635942101478577	6.036837339401245	2.5	1.0401166123701038	5.609556319297816	2.4203367233276367
4.0	10.0	11.0	0.7635942101478577	6.036837339401245	4.0	1.0401166123701038	5.609556319297816	3.874910354614258
4.0	10.0	12.0	0.7635942101478577	6.036837339401245	5.5	1.0401166123701038	5.609556319297816	5.332679748535156
5.0	2.0	2.0	-1.5708474516868591	-4.168571650981903	-9.5	-1.8785834233092897	-4.521420815188989	-9.243755102157593
5.0	2.0	3.0	-1.5708474516868591	-4.168571650981903	-8.0	-1.8785834233092897	-4.521420815188989	-7.7723388671875
5.0	2.0	4.0	-1.5708474516868591	-4.168571650981903	-6.5	-1.8785834233092897	-4.521420815188989	-6.306846618652344
5.0	2.0	5.0	-1.5708474516868591	-4.168571650981903	-5.0	-1.8785834233092897	-4.521420815188989	-4.846331596374512
5.0	2.0	6.0	-1.5708474516868591	-4.168571650981903	-3.5	-1.8785834233092897	-4.521420815188989	-3.3897523880004883
5.0	2.0	7.0	-1.5708474516868591	-4.168571650981903	-2.0	-1.8785834233092897	-4.521420815188989	-1.9359912872314453
5.0	2.0	8.0	-1.5708474516868591	-4.168571650981903	-0.5	-1.8785834233092897	-4.521420815188989	-0.48387908935546875
5.0	2.0	9.0	-1.5708474516868591	-4.168571650981903	1.0	-1.8785834233092897	-4.521420815188989	0.9678068161010742
5.0	2.0	10.0	-1.5708474516868591	-4.168571650981903	2.5	-1.8785834233092897	-4.521420815188989	2.4203367233276367
5.0	2.0	11.0	-1.5708474516868591	-4.168571650981903	4.0	-1.8785834233092897	-4.521420815188989	3.874910354614258
5.0	2.0	12.0	-1.5708474516868591	-4.168571650981903	5.5	-1.8785834233092897	-4.521420815188989	5.332679748535156
5.0	3.0	2.0	-1.4281356632709503	-2.876428782939911	-9.5	-1.6660410604574132	-3.2403011043858836	-9.243755102157593
5.0	3.0	3.0	-1.4281356632709503	-2.876428782939911	-8.0	-1.6660410604574132	-3.2403011043858836	-7.7723388671875
5.0	3.0	4.0	-1.4281356632709503	-2.876428782939911	-6.5	-1.6660410604574132	-3.2403011043858836	-6.306846618652344
5.0	3.0	5.0	-1.4281356632709503	-2.876428782939911	-5.0	-1.6660410604574132	-3.2403011043858836	-4.846331596374512
5.0	3.0	6.0	-1.4281356632709503	-2.876428782939911	-3.5	-1.6660410604574132	-3.2403011043858836	-3.3897523880004883
5.0	3.0	7.0	-1.4281356632709503	-2.876428782939911	-2.0	-1.6660410604574132	-3.2403011043858836	-1.9359912872314453
5.0	3.0	8.0	-1.4281356632709503	-2.876428782939911	-0.5	-1.6660410604574132	-3.2403011043858836	-0.48387908935546875
5.0	3.0	9.0	-1.4281356632709503	-2.876428782939911	1.0	-1.6660410604574132	-3.2403011043858836	0.9678068161010742
5.0	3.0	10.0	-1.4281356632709503	-2.876428782939911	2.5	-1.6660410604574132	-3.2403011043858836	2.4203367233276367
5.0	3.0	11.0	-1.4281356632709503	-2.876428782939911	4.0	-1.6660410604574132	-3.2403011043858836	3.874910354614258
5.0	3.0	12.0	-1.4281356632709503	-2.876428782939911	5.5	-1.6660410604574132	-3.2403011043858836	5.332679748535156
5.0	4.0	2.0	-1.2854238748550415	-1.5842859148979187	-9.5	-1.4485097105399527	-1.9594966157705374	-9.243755102157593
5.0	4.0	3.0	-1.2854238748550415	-1.5842859148979187	-8.0	-1.4485097105399527	-1.9594966157705374	-7.7723388671875
5.0	4.0	4.0	-1.2854238748550415	-1.5842859148979187	-6.5	-1.4485097105399527	-1.9594966157705374	-6.306846618652344
5.0	4.0	5.0	-1.2854238748550415	-1.5842859148979187	-5.0	-1.4485097105399527	-1.9594966157705374	-4.846331596374512
5.0	4.0	6.0	-1.2854238748550415	-1.5842859148979187	-3.5	-1.4485097105399527	-1.9594966157705374	-3.3897523880004883
5.0	4.0	7.0	-1.2854238748550415	-1.5842859148979187	-2.0	-1.4485097105399527	-1.9594966157705374	-1.9359912872314453
5.0	4.0	8.0	-1.2854238748550415	-1.5842859148979187	-0.5	-1.4485097105399527	-1.9594966157705374	-0.48387908935546875
5.0	4.0	9.0	-1.2854238748550415	-1.5842859148979187	1.0	-1.4485097105399527	-1.9594966157705374	0.9678068161010742
5.0	4.0	10.0	-1.2854238748550415	-1.5842859148979187	2.5	-1.4485097105399527	-1.9594966157705374	2.4203367233276367
5.0	4.0	11.0	-1.2854238748550415	-1.5842859148979187	4.0	-1.4485097105399527	-1.9594966157705374	3.874910354614258
5.0	4.0	12.0	-1.2854238748550415	-1.5842859148979187	5.5	-1.4485097105399527	-1.9594966157705374	5.332679748535156
5.0	5.0	2.0	-1.1427120864391327	-0.2921430468559265	-9.5	-1.227896443446589	-0.6787477883175104	-9.243755102157593
5.0	5.0	3.0	-1.1427120864391327	-0.2921430468559265	-8.0	-1.227896443446589	-0.6787477883175104	-7.7723388671875
5.0	5.0	4.0	-1.1427120864391327	-0.2921430468559265	-6.5	-1.227896443446589	-0.6787477883175104	-6.306846618652344
5.0	5.0	5.0	-1.1427120864391327	-0.2921430468559265	-5.0	-1.227896443446589	-0.6787477883175104	-4.846331596374512
5.0	5.0	6.0	-1.1427120864391327	-0.2921430468559265	-3.5	-1.227896443446589	-0.6787477883175104	-3.3897523880004883
5.0	5.0	7.0	-1.1427120864391327	-0.2921430468559265	-2.0	-1.227896443446589	-0.6787477883175104	-1.9359912872314453
5.0	5.0	8.0	-1.1427120864391327	-0.2921430468559265	-0.5	-1.227896443446589	-0.6787477883175104	-0.48387908935546875
5.0	5.0	9.0	-1.1427120864391327	-0.2921430468559265	1.0	-1.227896443446589	-0.6787477883175104	0.9678068161010742
5.0	5.0	10.0	-1.1427120864391327	-0.2921430468559265	2.5	-1.227896443446589	-0.6787477883175104	2.4203367233276367
5.0	5.0	11.0	-1.1427120864391327	-0.2921430468559265	4.0	-1.227896443446589	-0.6787477883175104	3.874910354614258
5.0	5.0	12.0	-1.1427120864391327	-0.2921430468559265	5.5	-1.227896443446589	-0.6787477883175104	5.332679748535156
5.0	6.0	2.0	-1.0000002980232239	0.9999998211860657	-9.5	-1.0061198553365154	0.6025566596385232	-9.243755102157593
5.0	6.0	3.0	-1.0000002980232239	0.9999998211860657	-8.0	-1.0061198553365154	0.6025566596385232	-7.7723388671875
5.0	6.0	4.0	-1.0000002980232239	0.9999998211860657	-6.5	-1.0061198553365154	0.6025566596385232	-6.306846618652344
5.0	6.0	5.0	-1.0000002980232239	0.9999998211860657	-5.0	-1.0061198553365154	0.6025566596385232	-4.846331596374512
5.0	6.0	6.0	-1.0000002980232239	0.9999998211860657	-3.5	-1.0061198553365154	0.6025566596385232	-3.3897523880004883
5.0	6.0	7.0	-1.0000002980232239	0.9999998211860657	-2.0	-1.0061198553365154	0.6025566596385232	-1.9359912872314453
5.0	6.0	8.0	-1.0000002980232239	0.9999998211860657	-0.5	-1.0061198553365154	0.6025566596385232	-0.48387908935546875
5.0	6.0	9.0	-1.0000002980232239	0.9999998211860657	1.0	-1.0061198553365154	0.6025566596385232	0.9678068161010742
5.0	6.0	10.0	-1.0000002980232239	0.9999998211860657	2.5	-1.0061198553365154	0.6025566596385232	2.4203367233276367
5.0	6.0	11.0	-1.0000002980232239	0.9999998211860657	4.0	-1.0061198553365154	0.6025566596385232	3.874910354614258
5.0	6.0	12.0	-1.0000002980232239	0.9999998211860657	5.5	-1.0061198553365154	0.6025566596385232	5.332679748535156
5.0	7.0	2.0	-0.8572885096073151	2.292142689228058	-9.5	-0.7851854559304172	1.8847101887488567	-9.243755102157593
5.0	7.0	3.0	-0.8572885096073151	2.292142689228058	-8.0	-0.7851854559304172	1.8847101887488567	-7.7723388671875
5.0	7.0	4.0	-0.8572885096073151	2.292142689228058	-6.5	-0.7851854559304172	1.8847101887488567	-6.306846618652344
5.0	7.0	5.0	-0.8572885096073151	2.292142689228058	-5.0	-0.7851854559304172	1.8847101887488567	-4.846331596374512
5.0	7.0	6.0	-0.8572885096073151	2.292142689228058	-3.5	-0.7851854559304172	1.8847101887488567	-3.3897523880004883
5.0	7.0	7.0	-0.8572885096073151	2.292142689228058	-2.0	-0.7851854559304172	1.8847101887488567	-1.9359912872314453
5.0	7.0	8.0	-0.8572885096073151	2.292142689228058	-0.5	-0.7851854559304172	1.8847101887488567	-0.48387908935546875
5.0	7.0	9.0	-0.8572885096073151	2.292142689228058	1.0	-0.7851854559304172	1.8847101887488567	0.9678068161010742
5.0	7.0	10.0	-0.8572885096073151	2.292142689228058	2.5	-0.7851854559304172	1.8847101887488567	2.4203367233276367
5.0	7.0	11.0	-0.8572885096073151	2.292142689228058	4.0	-0.7851854559304172	1.8847101887488567	3.874910354614258
5.0	7.0	12.0	-0.8572885096073151	2.292142689228058	5.5	-0.7851854559304172	1.8847101887488567	5.332679748535156
5.0	8.0	2.0	-0.7145767211914062	3.58428555727005	-9.5	-0.5671590043599837	3.1675389341650106	-9.243755102157593
5.0	8.0	3.0	-0.7145767211914062	3.58428555727005	-8.0	-0.5671590043599837	3.1675389341650106	-7.7723388671875
5.0	8.0	4.0	-0.7145767211914062	3.58428555727005	-6.5	-0.5671590043599837	3.1675389341650106	-6.306846618652344
5.0	8.0	5.0	-0.7145767211914062	3.58428555727005	-5.0	-0.5671590043599837	3.1675389341650106	-4.846331596374512
5.0	8.0	6.0	-0.7145767211914062	3.58428555727005	-3.5	-0.5671590043599837	3.1675389341650106	-3.3897523880004883
5.0	8.0	7.0	-0.7145767211914062	3.58428555727005	-2.0	-0.5671590043599837	3.1675389341650106	-1.9359912872314453
5.0	8.0	8.0	-0.7145767211914062	3.58428555727005	-0.5	-0.5671590043599837	3.1675389341650106	-0.48387908935546875
5.0	8.0	9.0	-0.7145767211914062	3.58428555727005	1.0	-0.5671590043599837	3.1675389341650106	0.9678068161010742
5.0	8.0	10.0	-0.7145767211914062	3.58428555727005	2.5	-0.5671590043599837	3.1675389341650106	2.4203367233276367
5.0	8.0	11.0	-0.7145767211914062	3.58428555727005	4.0	-0.5671590043599837	3.1675389341650106	3.874910354614258
5.0	8.0	12.0	-0.7145767211914062	3.58428555727005	5.5	-0.5671590043599837	3.1675389341650106	5.332679748535156
5.0	9.0	2.0	-0.5718649327754974	4.876428425312042	-9.5	-0.35396833530537286	4.451249100847011	-9.243755102157593
5.0	9.0	3.0	-0.5718649327754974	4.876428425312042	-8.0	-0.35396833530537286	4.451249100847011	-7.7723388671875
5.0	9.0	4.0	-0.5718649327754974	4.876428425312042	-6.5	-0.35396833530537286	4.451249100847011	-6.306846618652344
5.0	9.0	5.0	-0.5718649327754974	4.876428425312042	-5.0	-0.35396833530537286	4.451249100847011	-4.846331596374512
5.0	9.0	6.0	-0.5718649327754974	4.876428425312042	-3.5	-0.35396833530537286	4.451249100847011	-3.3897523880004883
5.0	9.0	7.0	-0.5718649327754974	4.876428425312042	-2.0	-0.35396833530537286	4.451249100847011	-1.9359912872314453
5.0	9.0	8.0	-0.5718649327754974	4.876428425312042	-0.5	-0.35396833530537286	4.451249100847011	-0.48387908935546875
5.0	9.0	9.0	-0.5718649327754974	4.876428425312042	1.0	-0.35396833530537286	4.451249100847011	0.9678068161010742
5.0	9.0	10.0	-0.5718649327754974	4.876428425312042	2.5	-0.35396833530537286	4.451249100847011	2.4203367233276367
5.0	9.0	11.0	-0.5718649327754974	4.876428425312042	4.0	-0.35396833530537286	4.451249100847011	3.874910354614258
5.0	9.0	12.0	-0.5718649327754974	4.876428425312042	5.5	-0.35396833530537286	4.451249100847011	5.332679748535156
5.0	10.0	2.0	-0.4291531443595886	6.168571293354034	-9.5	-0.14742668530616498	5.7360246421371315	-9.243755102157593
5.0	10.0	3.0	-0.4291531443595886	6.168571293354034	-8.0	-0.14742668530616498	5.7360246421371315	-7.7723388671875
5.0	10.0	4.0	-0.4291531443595886	6.168571293354034	-6.5	-0.14742668530616498	5.7360246421371315	-6.306846618652344
5.0	10.0	5.0	-0.4291531443595886	6.168571293354034	-5.0	-0.14742668530616498	5.7360246421371315	-4.846331596374512
5.0	10.0	6.0	-0.4291531443595886	6.168571293354034	-3.5	-0.14742668530616498	5.7360246421371315	-3.3897523880004883
5.0	10.0	7.0	-0.4291531443595886	6.168571293354034	-2.0	-0.14742668530616498	5.7360246421371315	-1.9359912872314453
5.0	10.0	8.0	-0.4291531443595886	6.168571293354034	-0.5	-0.14742668530616498	5.7360246421371315	-0.48387908935546875
5.0	10.0	9.0	-0.4291531443595886	6.168571293354034	1.0	-0.14742668530616498	5.7360246421371315	0.9678068161010742
5.0	10.0	10.0	-0.4291531443595886	6.168571293354034	2.5	-0.14742668530616498	5.7360246421371315	2.4203367233276367
5.0	10.0	11.0	-0.4291531443595886	6.168571293354034	4.0	-0.14742668530616498	5.7360246421371315	3.874910354614258
5.0	10.0	12.0	-0.4291531443595886	6.168571293354034	5.5	-0.14742668530616498	5.7360246421371315	5.332679748535156
6.0	2.0	2.0	-2.7635948061943054	-4.036837697029114	-9.5	-3.0605907219753012	-4.367788848202281	-9.243755102157593
6.0	2.0	3.0	-2.7635948061943054	-4.036837697029114	-8.0	-3.0605907219753012	-4.367788848202281	-7.7723388671875
6.0	2.0	4.0	-2.7635948061943054	-4.036837697029114	-6.5	-3.0605907219753012	-4.367788848202281	-6.306846618652344
6.0	2.0	5.0	-2.7635948061943054	-4.036837697029114	-5.0	-3.0605907219753012	-4.367788848202281	-4.846331596374512
6.0	2.0	6.0	-2.7635948061943054	-4.036837697029114	-3.5	-3.0605907219753012	-4.367788848202281	-3.3897523880004883
6.0	2.0	7.0	-2.7635948061943054	-4.036837697029114	-2.0	-3.0605907219753012	-4.367788848202281	-1.9359912872314453
6.0	2.0	8.0	-2.7635948061943054	-4.036837697029114	-0.5	-3.0605907219753012	-4.367788848202281	-0.48387908935546875
6.0	2.0	9.0	-2.7635948061943054	-4.036837697029114	1.0	-3.0605907219753012	-4.367788848202281	0.9678068161010742
6.0	2.0	10.0	-2.7635948061943054	-4.036837697029114	2.5	-3.0605907219753012	-4.367788848202281	2.4203367233276367
6.0	2.0	11.0	-2.7635948061943054	-4.036837697029114	4.0	-3.0605907219753012	-4.367788848202281	3.874910354614258
6.0	2.0	12.0	-2.7635948061943054	-4.036837697029114	5.5	-3.0605907219753012	-4.367788848202281	5.332679748535156
6.0	3.0	2.0	-2.6208830177783966	-2.7446948289871216	-9.5	-2.8477275013273147	-3.088572429387275	-9.243755102157593
6.0	3.0	3.0	-2.6208830177783966	-2.7446948289871216	-8.0	-2.8477275013273147	-3.088572429387275	-7.7723388671875
6.0	3.0	4.0	-2.6208830177783966	-2.7446948289871216	-6.5	-2.8477275013273147	-3.088572429387275	-6.306846618652344
6.0	3.0	5.0	-2.6208830177783966	-2.7446948289871216	-5.0	-2.8477275013273147	-3.088572429387275	-4.846331596374512
6.0	3.0	6.0	-2.6208830177783966	-2.7446948289871216	-3.5	-2.8477275013273147	-3.088572429387275	-3.3897523880004883
6.0	3.0	7.0	-2.6208830177783966	-2.7446948289871216	-2.0	-2.8477275013273147	-3.088572429387275	-1.9359912872314453
6.0	3.0	8.0	-2.6208830177783966	-2.7446948289871216	-0.5	-2.8477275013273147	-3.088572429387275	-0.48387908935546875
6.0	3.0	9.0	-2.6208830177783966	-2.7446948289871216	1.0	-2.8477275013273147	-3.088572429387275	0.9678068161010742
6.0	3.0	10.0	-2.6208830177783966	-2.7446948289871216	2.5	-2.8477275013273147	-3.088572429387275	2.4203367233276367
6.0	3.0	11.0	-2.6208830177783966	-2.7446948289871216	4.0	-2.8477275013273147	-3.088572429387275	3.874910354614258
6.0	3.0	12.0	-2.6208830177783966	-2.7446948289871216	5.5	-2.8477275013273147	-3.088572429387275	5.332679748535156
6.0	4.0	2.0	-2.478171229362488	-1.4525519609451294	-9.5	-2.6301018363171114	-1.8096982634913328	-9.243755102157593
6.0	4.0	3.0	-2.478171229362488	-1.4525519609451294	-8.0	-2.6301018363171114	-1.8096982634913328	-7.7723388671875
6.0	4.0	4.0	-2.478171229362488	-1.4525519609451294	-6.5	-2.6301018363171114	-1.8096982634913328	-6.306846618652344
6.0	4.0	5.0	-2.478171229362488	-1.4525519609451294	-5.0	-2.6301018363171114	-1.8096982634913328	-4.846331596374512
6.0	4.0	6.0	-2.478171229362488	-1.4525519609451294	-3.5	-2.6301018363171114	-1.8096982634913328	-3.3897523880004883
6.0	4.0	7.0	-2.478171229362488	-1.4525519609451294	-2.0	-2.6301018363171114	-1.8096982634913328	-1.9359912872314453
6.0	4.0	8.0	-2.478171229362488	-1.4525519609451294	-0.5	-2.6301018363171114	-1.8096982634913328	-0.48387908935546875
6.0	4.0	9.0	-2.478171229362488	-1.4525519609451294	1.0	-2.6301018363171114	-1.8096982634913328	0.9678068161010742
6.0	4.0	10.0	-2.478171229362488	-1.4525519609451294	2.5	-2.6301018363171114	-1.8096982634913328	2.4203367233276367
6.0	4.0	11.0	-2.478171229362488	-1.4525519609451294	4.0	-2.6301018363171114	-1.8096982634913328	3.874910354614258
6.0	4.0	12.0	-2.478171229362488	-1.4525519609451294	5.5	-2.6301018363171114	-1.8096982634913328	5.332679748535156
6.0	5.0	2.0	-2.335459440946579	-0.1604090929031372	-9.5	-2.409614882326818	-0.530892331017629	-9.243755102157593
6.0	5.0	3.0	-2.335459440946579	-0.1604090929031372	-8.0	-2.409614882326818	-0.530892331017629	-7.7723388671875
6.0	5.0	4.0	-2.335459440946579	-0.1604090929031372	-6.5	-2.409614882326818	-0.530892331017629	-6.306846618652344
6.0	5.0	5.0	-2.335459440946579	-0.1604090929031372	-5.0	-2.409614882326818	-0.530892331017629	-4.846331596374512
6.0	5.0	6.0	-2.335459440946579	-0.1604090929031372	-3.5	-2.409614882326818	-0.530892331017629	-3.3897523880004883
6.0	5.0	7.0	-2.335459440946579	-0.1604090929031372	-2.0	-2.409614882326818	-0.530892331017629	-1.9359912872314453
6.0	5.0	8.0	-2.335459440946579	-0.1604090929031372	-0.5	-2.409614882326818	-0.530892331017629	-0.48387908935546875
6.0	5.0	9.0	-2.335459440946579	-0.1604090929031372	1.0	-2.409614882326818	-0.530892331017629	0.9678068161010742
6.0	5.0	10.0	-2.335459440946579	-0.1604090929031372	2.5	-2.409614882326818	-0.530892331017629	2.4203367233276367
6.0	5.0	11.0	-2.335459440946579	-0.1604090929031372	4.0	-2.409614882326818	-0.530892331017629	3.874910354614258
6.0	5.0	12.0	-2.335459440946579	-0.1604090929031372	5.5	-2.409614882326818	-0.530892331017629	5.332679748535156
6.0	6.0	2.0	-2.19274765253067	1.131733775138855	-9.5	-2.188166386410754	0.74854044075202	-9.243755102157593
6.0	6.0	3.0	-2.19274765253067	1.131733775138855	-8.0	-2.188166386410754	0.74854044075202	-7.7723388671875
6.0	6.0	4.0	-2.19274765253067	1.131733775138855	-6.5	-2.188166386410754	0.74854044075202	-6.306846618652344
6.0	6.0	5.0	-2.19274765253067	1.131733775138855	-5.0	-2.188166386410754	0.74854044075202	-4.846331596374512
6.0	6.0	6.0	-2.19274765253067	1.131733775138855	-3.5	-2.188166386410754	0.74854044075202	-3.3897523880004883
6.0	6.0	7.0	-2.19274765253067	1.131733775138855	-2.0	-2.188166386410754	0.74854044075202	-1.9359912872314453
6.0	6.0	8.0	-2.19274765253067	1.131733775138855	-0.5	-2.188166386410754	0.74854044075202	-0.48387908935546875
6.0	6.0	9.0	-2.19274765253067	1.131733775138855	1.0	-2.188166386410754	0.74854044075202	0.9678068161010742
6.0	6.0	10.0	-2.19274765253067	1.131733775138855	2.5	-2.188166386410754	0.74854044075202	2.4203367233276367
6.0	6.0	11.0	-2.19274765253067	1.131733775138855	4.0	-2.188166386410754	0.74854044075202	3.874910354614258
6.0	6.0	12.0	-2.19274765253067	1.131733775138855	5.5	-2.188166386410754	0.74854044075202	5.332679748535156
6.0	7.0	2.0	-2.0500358641147614	2.423876643180847	-9.5	-1.967777821095825	2.028744638190757	-9.243755102157593
6.0	7.0	3.0	-2.0500358641147614	2.423876643180847	-8.0	-1.967777821095825	2.028744638190757	-7.7723388671875
6.0	7.0	4.0	-2.0500358641147614	2.423876643180847	-6.5	-1.967777821095825	2.028744638190757	-6.306846618652344
6.0	7.0	5.0	-2.0500358641147614	2.423876643180847	-5.0	-1.967777821095825	2.028744638190757	-4.846331596374512
6.0	7.0	6.0	-2.0500358641147614	2.423876643180847	-3.5	-1.967777821095825	2.028744638190757	-3.3897523880004883
6.0	7.0	7.0	-2.0500358641147614	2.423876643180847	-2.0	-1.967777821095825	2.028744638190757	-1.9359912872314453
6.0	7.0	8.0	-2.0500358641147614	2.423876643180847	-0.5	-1.967777821095825	2.028744638190757	-0.48387908935546875
6.0	7.0	9.0	-2.0500358641147614	2.423876643180847	1.0	-1.967777821095825	2.028744638190757	0.9678068161010742
6.0	7.0	10.0	-2.0500358641147614	2.423876643180847	2.5	-1.967777821095825	2.028744638190757	2.4203367233276367
6.0	7.0	11.0	-2.0500358641147614	2.423876643180847	4.0	-1.967777821095825	2.028744638190757	3.874910354614258
6.0	7.0	12.0	-2.0500358641147614	2.423876643180847	5.5	-1.967777821095825	2.028744638190757	5.332679748535156
6.0	8.0	2.0	-1.9073240756988525	3.7160195112228394	-9.5	-1.750481635885885	3.309661212489873	-9.243755102157593
6.0	8.0	3.0	-1.9073240756988525	3.7160195112228394	-8.0	-1.750481635885885	3.309661212489873	-7.7723388671875
6.0	8.0	4.0	-1.9073240756988525	3.7160195112228394	-6.5	-1.750481635885885	3.309661212489873	-6.306846618652344
6.0	8.0	5.0	-1.9073240756988525	3.7160195112228394	-5.0	-1.750481635885885	3.309661212489873	-4.846331596374512
6.0	8.0	6.0	-1.9073240756988525	3.7160195112228394	-3.5	-1.750481635885885	3.309661212489873	-3.3897523880004883
6.0	8.0	7.0	-1.9073240756988525	3.7160195112228394	-2.0	-1.750481635885885	3.309661212489873	-1.9359912872314453
6.0	8.0	8.0	-1.9073240756988525	3.7160195112228394	-0.5	-1.750481635885885	3.309661212489873	-0.48387908935546875
6.0	8.0	9.0	-1.9073240756988525	3.7160195112228394	1.0	-1.750481635885885	3.309661212489873	0.9678068161010742
6.0	8.0	10.0	-1.9073240756988525	3.7160195112228394	2.5	-1.750481635885885	3.309661212489873	2.4203367233276367
6.0	8.0	11.0	-1.9073240756988525	3.7160195112228394	4.0	-1.750481635885885	3.309661212489873	3.874910354614258
6.0	8.0	12.0	-1.9073240756988525	3.7160195112228394	5.5	-1.750481635885885	3.309661212489873	5.332679748535156
6.0	9.0	2.0	-1.7646122872829437	5.0081623792648315	-9.5	-1.5381891407269004	4.591511334303869	-9.243755102157593
6.0	9.0	3.0	-1.7646122872829437	5.0081623792648315	-8.0	-1.5381891407269004	4.591511334303869	-7.7723388671875
6.0	9.0	4.0	-1.7646122872829437	5.0081623792648315	-6.5	-1.5381891407269004	4.591511334303869	-6.306846618652344
6.0	9.0	5.0	-1.7646122872829437	5.0081623792648315	-5.0	-1.5381891407269004	4.591511334303869	-4.846331596374512
6.0	9.0	6.0	-1.7646122872829437	5.0081623792648315	-3.5	-1.5381891407269004	4.591511334303869	-3.3897523880004883
6.0	9.0	7.0	-1.7646122872829437	5.0081623792648315	-2.0	-1.5381891407269004	4.591511334303869	-1.9359912872314453
6.0	9.0	8.0	-1.7646122872829437	5.0081623792648315	-0.5	-1.5381891407269004	4.591511334303869	-0.48387908935546875
6.0	9.0	9.0	-1.7646122872829437	5.0081623792648315	1.0	-1.5381891407269004	4.591511334303869	0.9678068161010742
6.0	9.0	10.0	-1.7646122872829437	5.0081623792648315	2.5	-1.5381891407269004	4.591511334303869	2.4203367233276367
6.0	9.0	11.0	-1.7646122872829437	5.0081623792648315	4.0	-1.5381891407269004	4.591511334303869	3.874910354614258
6.0	9.0	12.0	-1.7646122872829437	5.0081623792648315	5.5	-1.5381891407269004	4.591511334303869	5.332679748535156
6.0	10.0	2.0	-1.621900498867035	6.300305247306824	-9.5	-1.3326942560394484	5.874493134636085	-9.243755102157593
6.0	10.0	3.0	-1.621900498867035	6.300305247306824	-8.0	-1.3326942560394484	5.874493134636085	-7.7723388671875
6.0	10.0	4.0	-1.621900498867035	6.300305247306824	-6.5	-1.3326942560394484	5.874493134636085	-6.306846618652344
6.0	10.0	5.0	-1.621900498867035	6.300305247306824	-5.0	-1.3326942560394484	5.874493134636085	-4.846331596374512
6.0	10.0	6.0	-1.621900498867035	6.300305247306824	-3.5	-1.3326942560394484	5.874493134636085	-3.3897523880004883
6.0	10.0	7.0	-1.621900498867035	6.300305247306824	-2.0	-1.3326942560394484	5.874493134636085	-1.9359912872314453
6.0	10.0	8.0	-1.621900498867035	6.300305247306824	-0.5	-1.3326942560394484	5.874493134636085	-0.48387908935546875
6.0	10.0	9.0	-1.621900498867035	6.300305247306824	1.0	-1.3326942560394484	5.874493134636085	0.9678068161010742
6.0	10.0	10.0	-1.621900498867035	6.300305247306824	2.5	-1.3326942560394484	5.874493134636085	2.4203367233276367
6.0	10.0	11.0	-1.621900498867035	6.300305247306824	4.0	-1.3326942560394484	5.874493134636085	3.874910354614258
6.0	10.0	12.0	-1.621900498867035	6.300305247306824	5.5	-1.3326942560394484	5.874493134636085	5.332679748535156
7.0	2.0	2.0	-3.9563421607017517	-3.9051037430763245	-9.5	-4.241076103273027	-4.203500193194532	-9.243755102157593
7.0	2.0	3.0	-3.9563421607017517	-3.9051037430763245	-8.0	-4.241076103273027	-4.203500193194532	-7.7723388671875
7.0	2.0	4.0	-3.9563421607017517	-3.9051037430763245	-6.5	-4.241076103273027	-4.203500193194532	-6.306846618652344
7.0	2.0	5.0	-3.9563421607017517	-3.9051037430763245	-5.0	-4.241076103273027	-4.203500193194532	-4.846331596374512
7.0	2.0	6.0	-3.9563421607017517	-3.9051037430763245	-3.5	-4.241076103273027	-4.203500193194532	-3.3897523880004883
7.0	2.0	7.0	-3.9563421607017517	-3.9051037430763245	-2.0	-4.241076103273027	-4.203500193194532	-1.9359912872314453
7.0	2.0	8.0	-3.9563421607017517	-3.9051037430763245	-0.5	-4.241076103273027	-4.203500193194532	-0.48387908935546875
7.0	2.0	9.0	-3.9563421607017517	-3.9051037430763245	1.0	-4.241076103273027	-4.203500193194532	0.9678068161010742
7.0	2.0	10.0	-3.9563421607017517	-3.9051037430763245	2.5	-4.241076103273027	-4.203500193194532	2.4203367233276367
7.0	2.0	11.0	-3.9563421607017517	-3.9051037430763245	4.0	-4.241076103273027	-4.203500193194532	3.874910354614258
7.0	2.0	12.0	-3.9563421607017517	-3.9051037430763245	5.5	-4.241076103273027	-4.203500193194532	5.332679748535156
7.0	3.0	2.0	-3.813630372285843	-2.6129608750343323	-9.5	-4.027726323722295	-2.926207046439658	-9.243755102157593
7.0	3.0	3.0	-3.813630372285843	-2.6129608750343323	-8.0	-4.027726323722295	-2.926207046439658	-7.7723388671875
7.0	3.0	4.0	-3.813630372285843	-2.6129608750343323	-6.5	-4.027726323722295	-2.926207046439658	-6.306846618652344
7.0	3.0	5.0	-3.813630372285843	-2.6129608750343323	-5.0	-4.027726323722295	-2.926207046439658	-4.846331596374512
7.0	3.0	6.0	-3.813630372285843	-2.6129608750343323	-3.5	-4.027726323722295	-2.926207046439658	-3.3897523880004883
7.0	3.0	7.0	-3.813630372285843	-2.6129608750343323	-2.0	-4.027726323722295	-2.926207046439658	-1.9359912872314453
7.0	3.0	8.0	-3.813630372285843	-2.6129608750343323	-0.5	-4.027726323722295	-2.926207046439658	-0.48387908935546875
7.0	3.0	9.0	-3.813630372285843	-2.6129608750343323	1.0	-4.027726323722295	-2.926207046439658	0.9678068161010742
7.0	3.0	10.0	-3.813630372285843	-2.6129608750343323	2.5	-4.027726323722295	-2.926207046439658	2.4203367233276367
7.0	3.0	11.0	-3.813630372285843	-2.6129608750343323	4.0	-4.027726323722295	-2.926207046439658	3.874910354614258
7.0	3.0	12.0	-3.813630372285843	-2.6129608750343323	5.5	-4.027726323722295	-2.926207046439658	5.332679748535156
7.0	4.0	2.0	-3.670918583869934	-1.32081800699234	-9.5	-3.809897877885305	-1.6492888553436318	-9.243755102157593
7.0	4.0	3.0	-3.670918583869934	-1.32081800699234	-8.0	-3.809897877885305	-1.6492888553436318	-7.7723388671875
7.0	4.0	4.0	-3.670918583869934	-1.32081800699234	-6.5	-3.809897877885305	-1.6492888553436318	-6.306846618652344
7.0	4.0	5.0	-3.670918583869934	-1.32081800699234	-5.0	-3.809897877885305	-1.6492888553436318	-4.846331596374512
7.0	4.0	6.0	-3.670918583869934	-1.32081800699234	-3.5	-3.809897877885305	-1.6492888553436318	-3.3897523880004883
7.0	4.0	7.0	-3.670918583869934	-1.32081800699234	-2.0	-3.809897877885305	-1.6492888553436318	-1.9359912872314453
7.0	4.0	8.0	-3.670918583869934	-1.32081800699234	-0.5	-3.809897877885305	-1.6492888553436318	-0.48387908935546875
7.0	4.0	9.0	-3.670918583869934	-1.32081800699234	1.0	-3.809897877885305	-1.6492888553436318	0.9678068161010742
7.0	4.0	10.0	-3.670918583869934	-1.32081800699234	2.5	-3.809897877885305	-1.6492888553436318	2.4203367233276367
7.0	4.0	11.0	-3.670918583869934	-1.32081800699234	4.0	-3.809897877885305	-1.6492888553436318	3.874910354614258
7.0	4.0	12.0	-3.670918583869934	-1.32081800699234	5.5	-3.809897877885305	-1.6492888553436318	5.332679748535156
7.0	5.0	2.0	-3.5282067954540253	-0.0286751389503479	-9.5	-3.589496724393854	-0.3724542791285881	-9.243755102157593
7.0	5.0	3.0	-3.5282067954540253	-0.0286751389503479	-8.0	-3.589496724393854	-0.3724542791285881	-7.7723388671875
7.0	5.0	4.0	-3.5282067954540253	-0.0286751389503479	-6.5	-3.589496724393854	-0.3724542791285881	-6.306846618652344
7.0	5.0	5.0	-3.5282067954540253	-0.0286751389503479	-5.0	-3.589496724393854	-0.3724542791285881	-4.846331596374512
7.0	5.0	6.0	-3.5282067954540253	-0.0286751389503479	-3.5	-3.589496724393854	-0.3724542791285881	-3.3897523880004883
7.0	5.0	7.0	-3.5282067954540253	-0.0286751389503479	-2.0	-3.589496724393854	-0.3724542791285881	-1.9359912872314453
7.0	5.0	8.0	-3.5282067954540253	-0.0286751389503479	-0.5	-3.589496724393854	-0.3724542791285881	-0.48387908935546875
7.0	5.0	9.0	-3.5282067954540253	-0.0286751389503479	1.0	-3.589496724393854	-0.3724542791285881	0.9678068161010742
7.0	5.0	10.0	-3.5282067954540253	-0.0286751389503479	2.5	-3.589496724393854	-0.3724542791285881	2.4203367233276367
7.0	5.0	11.0	-3.5282067954540253	-0.0286751389503479	4.0	-3.589496724393854	-0.3724542791285881	3.874910354614258
7.0	5.0	12.0	-3.5282067954540253	-0.0286751389503479	5.5	-3.589496724393854	-0.3724542791285881	5.332679748535156
7.0	6.0	2.0	-3.3854950070381165	1.2634677290916443	-9.5	-3.3684096205207323	0.9050572435171862	-9.243755102157593
7.0	6.0	3.0	-3.3854950070381165	1.2634677290916443	-8.0	-3.3684096205207323	0.9050572435171862	-7.7723388671875
7.0	6.0	4.0	-3.3854950070381165	1.2634677290916443	-6.5	-3.3684096205207323	0.9050572435171862	-6.306846618652344
7.0	6.0	5.0	-3.3854950070381165	1.2634677290916443	-5.0	-3.3684096205207323	0.9050572435171862	-4.846331596374512
7.0	6.0	6.0	-3.3854950070381165	1.2634677290916443	-3.5	-3.3684096205207323	0.9050572435171862	-3.3897523880004883
7.0	6.0	7.0	-3.3854950070381165	1.2634677290916443	-2.0	-3.3684096205207323	0.9050572435171862	-1.9359912872314453
7.0	6.0	8.0	-3.3854950070381165	1.2634677290916443	-0.5	-3.3684096205207323	0.9050572435171862	-0.48387908935546875
7.0	6.0	9.0	-3.3854950070381165	1.2634677290916443	1.0	-3.3684096205207323	0.9050572435171862	0.9678068161010742
7.0	6.0	10.0	-3.3854950070381165	1.2634677290916443	2.5	-3.3684096205207323	0.9050572435171862	2.4203367233276367
7.0	6.0	11.0	-3.3854950070381165	1.2634677290916443	4.0	-3.3684096205207323	0.9050572435171862	3.874910354614258
7.0	6.0	12.0	-3.3854950070381165	1.2634677290916443	5.5	-3.3684096205207323	0.9050572435171862	5.332679748535156
7.0	7.0	2.0	-3.2427832186222076	2.5556105971336365	-9.5	-3.1486721694759776	2.1832580131205717	-9.243755102157593
7.0	7.0	3.0	-3.2427832186222076	2.5556105971336365	-8.0	-3.1486721694759776	2.1832580131205717	-7.7723388671875
7.0	7.0	4.0	-3.2427832186222076	2.5556105971336365	-6.5	-3.1486721694759776	2.1832580131205717	-6.306846618652344
7.0	7.0	5.0	-3.2427832186222076	2.5556105971336365	-5.0	-3.1486721694759776	2.1832580131205717	-4.846331596374512
7.0	7.0	6.0	-3.2427832186222076	2.5556105971336365	-3.5	-3.1486721694759776	2.1832580131205717	-3.3897523880004883
7.0	7.0	7.0	-3.2427832186222076	2.5556105971336365	-2.0	-3.1486721694759776	2.1832580131205717	-1.9359912872314453
7.0	7.0	8.0	-3.2427832186222076	2.5556105971336365	-0.5	-3.1486721694759776	2.1832580131205717	-0.48387908935546875
7.0	7.0	9.0	-3.2427832186222076	2.5556105971336365	1.0	-3.1486721694759776	2.1832580131205717	0.9678068161010742
7.0	7.0	10.0	-3.2427832186222076	2.5556105971336365	2.5	-3.1486721694759776	2.1832580131205717	2.4203367233276367
7.0	7.0	11.0	-3.2427832186222076	2.5556105971336365	4.0	-3.1486721694759776	2.1832580131205717	3.874910354614258
7.0	7.0	12.0	-3.2427832186222076	2.5556105971336365	5.5	-3.1486721694759776	2.1832580131205717	5.332679748535156
7.0	8.0	2.0	-3.100071430206299	3.8477534651756287	-9.5	-2.9322755671035035	3.4622149129433932	-9.243755102157593
7.0	8.0	3.0	-3.100071430206299	3.8477534651756287	-8.0	-2.9322755671035035	3.4622149129433932	-7.7723388671875
7.0	8.0	4.0	-3.100071430206299	3.8477534651756287	-6.5	-2.9322755671035035	3.4622149129433932	-6.306846618652344
7.0	8.0	5.0	-3.100071430206299	3.8477534651756287	-5.0	-2.9322755671035035	3.4622149129433932	-4.846331596374512
7.0	8.0	6.0	-3.100071430206299	3.8477534651756287	-3.5	-2.9322755671035035	3.4622149129433932	-3.3897523880004883
7.0	8.0	7.0	-3.100071430206299	3.8477534651756287	-2.0	-2.9322755671035035	3.4622149129433932	-1.9359912872314453
7.0	8.0	8.0	-3.100071430206299	3.8477534651756287	-0.5	-2.9322755671035035	3.4622149129433932	-0.48387908935546875
7.0	8.0	9.0	-3.100071430206299	3.8477534651756287	1.0	-2.9322755671035035	3.4622149129433932	0.9678068161010742
7.0	8.0	10.0	-3.100071430206299	3.8477534651756287	2.5	-2.9322755671035035	3.4622149129433932	2.4203367233276367
7.0	8.0	11.0	-3.100071430206299	3.8477534651756287	4.0	-2.9322755671035035	3.4622149129433932	3.874910354614258
7.0	8.0	12.0	-3.100071430206299	3.8477534651756287	5.5	-2.9322755671035035	3.4622149129433932	5.332679748535156
7.0	9.0	2.0	-2.95735964179039	5.139896333217621	-9.5	-2.7211008567522033	4.742166879233091	-9.243755102157593
7.0	9.0	3.0	-2.95735964179039	5.139896333217621	-8.0	-2.7211008567522033	4.742166879233091	-7.7723388671875
7.0	9.0	4.0	-2.95735964179039	5.139896333217621	-6.5	-2.7211008567522033	4.742166879233091	-6.306846618652344
7.0	9.0	5.0	-2.95735964179039	5.139896333217621	-5.0	-2.7211008567522033	4.742166879233091	-4.846331596374512
7.0	9.0	6.0	-2.95735964179039	5.139896333217621	-3.5	-2.7211008567522033	4.742166879233091	-3.3897523880004883
7.0	9.0	7.0	-2.95735964179039	5.139896333217621	-2.0	-2.7211008567522033	4.742166879233091	-1.9359912872314453
7.0	9.0	8.0	-2.95735964179039	5.139896333217621	-0.5	-2.7211008567522033	4.742166879233091	-0.48387908935546875
7.0	9.0	9.0	-2.95735964179039	5.139896333217621	1.0	-2.7211008567522033	4.742166879233091	0.9678068161010742
7.0	9.0	10.0	-2.95735964179039	5.139896333217621	2.5	-2.7211008567522033	4.742166879233091	2.4203367233276367
7.0	9.0	11.0	-2.95735964179039	5.139896333217621	4.0	-2.7211008567522033	4.742166879233091	3.874910354614258
7.0	9.0	12.0	-2.95735964179039	5.139896333217621	5.5	-2.7211008567522033	4.742166879233091	5.332679748535156
7.0	10.0	2.0	-2.814647853374481	6.432039201259613	-9.5	-2.516907162079101	6.023327389301475	-9.243755102157593
7.0	10.0	3.0	-2.814647853374481	6.432039201259613	-8.0	-2.516907162079101	6.023327389301475	-7.7723388671875
7.0	10.0	4.0	-2.814647853374481	6.432039201259613	-6.5	-2.516907162079101	6.023327389301475	-6.306846618652344
7.0	10.0	5.0	-2.814647853374481	6.432039201259613	-5.0	-2.516907162079101	6.023327389301475	-4.846331596374512
7.0	10.0	6.0	-2.814647853374481	6.432039201259613	-3.5	-2.516907162079101	6.023327389301475	-3.3897523880004883
7.0	10.0	7.0	-2.814647853374481	6.432039201259613	-2.0	-2.516907162079101	6.023327389301475	-1.9359912872314453
7.0	10.0	8.0	-2.814647853374481	6.432039201259613	-0.5	-2.516907162079101	6.023327389301475	-0.48387908935546875
7.0	10.0	9.0	-2.814647853374481	6.432039201259613	1.0	-2.516907162079101	6.023327389301475	0.9678068161010742
7.0	10.0	10.0	-2.814647853374481	6.432039201259613	2.5	-2.516907162079101	6.023327389301475	2.4203367233276367
7.0	10.0	11.0	-2.814647853374481	6.432039201259613	4.0	-2.516907162079101	6.023327389301475	3.874910354614258
7.0	10.0	12.0	-2.814647853374481	6.432039201259613	5.5	-2.516907162079101	6.023327389301475	5.332679748535156
8.0	2.0	2.0	-5.149089515209198	-3.773369789123535	-9.5	-5.419745933298355	-4.030578667572334	-9.243755102157593
8.0	2.0	3.0	-5.149089515209198	-3.773369789123535	-8.0	-5.419745933298355	-4.030578667572334	-7.7723388671875
8.0	2.0	4.0	-5.149089515209198	-3.773369789123535	-6.5	-5.419745933298355	-4.030578667572334	-6.306846618652344
8.0	2.0	5.0	-5.149089515209198	-3.773369789123535	-5.0	-5.419745933298355	-4.030578667572334	-4.846331596374512
8.0	2.0	6.0	-5.149089515209198	-3.773369789123535	-3.5	-5.419745933298355	-4.030578667572334	-3.3897523880004883
8.0	2.0	7.0	-5.149089515209198	-3.773369789123535	-2.0	-5.419745933298355	-4.030578667572334	-1.9359912872314453
8.0	2.0	8.0	-5.149089515209198	-3.773369789123535	-0.5	-5.419745933298355	-4.030578667572334	-0.48387908935546875
8.0	2.0	9.0	-5.149089515209198	-3.773369789123535	1.0	-5.419745933298355	-4.030578667572334	0.9678068161010742
8.0	2.0	10.0	-5.149089515209198	-3.773369789123535	2.5	-5.419745933298355	-4.030578667572334	2.4203367233276367
8.0	2.0	11.0	-5.149089515209198	-3.773369789123535	4.0	-5.419745933298355	-4.030578667572334	3.874910354614258
8.0	2.0	12.0	-5.149089515209198	-3.773369789123535	5.5	-5.419745933298355	-4.030578667572334	5.332679748535156
8.0	3.0	2.0	-5.006377726793289	-2.481226921081543	-9.5	-5.205986588424153	-2.754876467030533	-9.243755102157593
8.0	3.0	3.0	-5.006377726793289	-2.481226921081543	-8.0	-5.205986588424153	-2.754876467030533	-7.7723388671875
8.0	3.0	4.0	-5.006377726793289	-2.481226921081543	-6.5	-5.205986588424153	-2.754876467030533	-6.306846618652344
8.0	3.0	5.0	-5.006377726793289	-2.481226921081543	-5.0	-5.205986588424153	-2.754876467030533	-4.846331596374512
8.0	3.0	6.0	-5.006377726793289	-2.481226921081543	-3.5	-5.205986588424153	-2.754876467030533	-3.3897523880004883
8.0	3.0	7.0	-5.006377726793289	-2.481226921081543	-2.0	-5.205986588424153	-2.754876467030533	-1.9359912872314453
8.0	3.0	8.0	-5.006377726793289	-2.481226921081543	-0.5	-5.205986588424153	-2.754876467030533	-0.48387908935546875
8.0	3.0	9.0	-5.006377726793289	-2.481226921081543	1.0	-5.205986588424153	-2.754876467030533	0.9678068161010742
8.0	3.0	10.0	-5.006377726793289	-2.481226921081543	2.5	-5.205986588424153	-2.754876467030533	2.4203367233276367
8.0	3.0	11.0	-5.006377726793289	-2.481226921081543	4.0	-5.205986588424153	-2.754876467030533	3.874910354614258
8.0	3.0	12.0	-5.006377726793289	-2.481226921081543	5.5	-5.205986588424153	-2.754876467030533	5.332679748535156
8.0	4.0	2.0	-4.86366593837738	-1.1890840530395508	-9.5	-4.988000713547693	-1.479573426175004	-9.243755102157593
8.0	4.0	3.0	-4.86366593837738	-1.1890840530395508	-8.0	-4.988000713547693	-1.479573426175004	-7.7723388671875
8.0	4.0	4.0	-4.86366593837738	-1.1890840530395508	-6.5	-4.988000713547693	-1.479573426175004	-6.306846618652344
8.0	4.0	5.0	-4.86366593837738	-1.1890840530395508	-5.0	-4.988000713547693	-1.479573426175004	-4.846331596374512
8.0	4.0	6.0	-4.86366593837738	-1.1890840530395508	-3.5	-4.988000713547693	-1.479573426175004	-3.3897523880004883
8.0	4.0	7.0	-4.86366593837738	-1.1890840530395508	-2.0	-4.988000713547693	-1.479573426175004	-1.9359912872314453
8.0	4.0	8.0	-4.86366593837738	-1.1890840530395508	-0.5	-4.988000713547693	-1.479573426175004	-0.48387908935546875
8.0	4.0	9.0	-4.86366593837738	-1.1890840530395508	1.0	-4.988000713547693	-1.479573426175004	0.9678068161010742
8.0	4.0	10.0	-4.86366593837738	-1.1890840530395508	2.5	-4.988000713547693	-1.479573426175004	2.4203367233276367
8.0	4.0	11.0	-4.86366593837738	-1.1890840530395508	4.0	-4.988000713547693	-1.479573426175004	3.874910354614258
8.0	4.0	12.0	-4.86366593837738	-1.1890840530395508	5.5	-4.988000713547693	-1.479573426175004	5.332679748535156
8.0	5.0	2.0	-4.720954149961472	0.1030588150024414	-9.5	-4.76769295864143	-0.20436635534796554	-9.243755102157593
8.0	5.0	3.0	-4.720954149961472	0.1030588150024414	-8.0	-4.76769295864143	-0.20436635534796554	-7.7723388671875
8.0	5.0	4.0	-4.720954149961472	0.1030588150024414	-6.5	-4.76769295864143	-0.20436635534796554	-6.306846618652344
8.0	5.0	5.0	-4.720954149961472	0.1030588150024414	-5.0	-4.76769295864143	-0.20436635534796554	-4.846331596374512
8.0	5.0	6.0	-4.720954149961472	0.1030588150024414	-3.5	-4.76769295864143	-0.20436635534796554	-3.3897523880004883
8.0	5.0	7.0	-4.720954149961472	0.1030588150024414	-2.0	-4.76769295864143	-0.20436635534796554	-1.9359912872314453
8.0	5.0	8.0	-4.720954149961472	0.1030588150024414	-0.5	-4.76769295864143	-0.20436635534796554	-0.48387908935546875
8.0	5.0	9.0	-4.720954149961472	0.1030588150024414	1.0	-4.76769295864143	-0.20436635534796554	0.9678068161010742
8.0	5.0	10.0	-4.720954149961472	0.1030588150024414	2.5	-4.76769295864143	-0.20436635534796554	2.4203367233276367
8.0	5.0	11.0	-4.720954149961472	0.1030588150024414	4.0	-4.76769295864143	-0.20436635534796554	3.874910354614258
8.0	5.0	12.0	-4.720954149961472	0.1030588150024414	5.5	-4.76769295864143	-0.20436635534796554	5.332679748535156
8.0	6.0	2.0	-4.578242361545563	1.3952016830444336	-9.5	-4.546938498873052	1.0715493626792387	-9.243755102157593
8.0	6.0	3.0	-4.578242361545563	1.3952016830444336	-8.0	-4.546938498873052	1.0715493626792387	-7.7723388671875
8.0	6.0	4.0	-4.578242361545563	1.3952016830444336	-6.5	-4.546938498873052	1.0715493626792387	-6.306846618652344
8.0	6.0	5.0	-4.578242361545563	1.3952016830444336	-5.0	-4.546938498873052	1.0715493626792387	-4.846331596374512
8.0	6.0	6.0	-4.578242361545563	1.3952016830444336	-3.5	-4.546938498873052	1.0715493626792387	-3.3897523880004883
8.0	6.0	7.0	-4.578242361545563	1.3952016830444336	-2.0	-4.546938498873052	1.0715493626792387	-1.9359912872314453
8.0	6.0	8.0	-4.578242361545563	1.3952016830444336	-0.5	-4.546938498873052	1.0715493626792387	-0.48387908935546875
8.0	6.0	9.0	-4.578242361545563	1.3952016830444336	1.0	-4.546938498873052	1.0715493626792387	0.9678068161010742
8.0	6.0	10.0	-4.578242361545563	1.3952016830444336	2.5	-4.546938498873052	1.0715493626792387	2.4203367233276367
8.0	6.0	11.0	-4.578242361545563	1.3952016830444336	4.0	-4.546938498873052	1.0715493626792387	3.874910354614258
8.0	6.0	12.0	-4.578242361545563	1.3952016830444336	5.5	-4.546938498873052	1.0715493626792387	5.332679748535156
8.0	7.0	2.0	-4.435530573129654	2.687344551086426	-9.5	-4.327782656851166	2.348071965108055	-9.243755102157593
8.0	7.0	3.0	-4.435530573129654	2.687344551086426	-8.0	-4.327782656851166	2.348071965108055	-7.7723388671875
8.0	7.0	4.0	-4.435530573129654	2.687344551086426	-6.5	-4.327782656851166	2.348071965108055	-6.306846618652344
8.0	7.0	5.0	-4.435530573129654	2.687344551086426	-5.0	-4.327782656851166	2.348071965108055	-4.846331596374512
8.0	7.0	6.0	-4.435530573129654	2.687344551086426	-3.5	-4.327782656851166	2.348071965108055	-3.3897523880004883
8.0	7.0	7.0	-4.435530573129654	2.687344551086426	-2.0	-4.327782656851166	2.348071965108055	-1.9359912872314453
8.0	7.0	8.0	-4.435530573129654	2.687344551086426	-0.5	-4.327782656851166	2.348071965108055	-0.48387908935546875
8.0	7.0	9.0	-4.435530573129654	2.687344551086426	1.0	-4.327782656851166	2.348071965108055	0.9678068161010742
8.0	7.0	10.0	-4.435530573129654	2.687344551086426	2.5	-4.327782656851166	2.348071965108055	2.4203367233276367
8.0	7.0	11.0	-4.435530573129654	2.687344551086426	4.0	-4.327782656851166	2.348071965108055	3.874910354614258
8.0	7.0	12.0	-4.435530573129654	2.687344551086426	5.5	-4.327782656851166	2.348071965108055	5.332679748535156
8.0	8.0	2.0	-4.292818784713745	3.979487419128418	-9.5	-4.112184106825291	3.625380359855269	-9.243755102157593
8.0	8.0	3.0	-4.292818784713745	3.979487419128418	-8.0	-4.112184106825291	3.625380359855269	-7.7723388671875
8.0	8.0	4.0	-4.292818784713745	3.979487419128418	-6.5	-4.112184106825291	3.625380359855269	-6.306846618652344
8.0	8.0	5.0	-4.292818784713745	3.979487419128418	-5.0	-4.112184106825291	3.625380359855269	-4.846331596374512
8.0	8.0	6.0	-4.292818784713745	3.979487419128418	-3.5	-4.112184106825291	3.625380359855269	-3.3897523880004883
8.0	8.0	7.0	-4.292818784713745	3.979487419128418	-2.0	-4.112184106825291	3.625380359855269	-1.9359912872314453
8.0	8.0	8.0	-4.292818784713745	3.979487419128418	-0.5	-4.112184106825291	3.625380359855269	-0.48387908935546875
8.0	8.0	9.0	-4.292818784713745	3.979487419128418	1.0	-4.112184106825291	3.625380359855269	0.9678068161010742
8.0	8.0	10.0	-4.292818784713745	3.979487419128418	2.5	-4.112184106825291	3.625380359855269	2.4203367233276367
8.0	8.0	11.0	-4.292818784713745	3.979487419128418	4.0	-4.112184106825291	3.625380359855269	3.874910354614258
8.0	8.0	12.0	-4.292818784713745	3.979487419128418	5.5	-4.112184106825291	3.625380359855269	5.332679748535156
8.0	9.0	2.0	-4.150106996297836	5.27163028717041	-9.5	-3.9020064166618997	4.90372402622692	-9.243755102157593
8.0	9.0	3.0	-4.150106996297836	5.27163028717041	-8.0	-3.9020064166618997	4.90372402622692	-7.7723388671875
8.0	9.0	4.0	-4.150106996297836	5.27163028717041	-6.5	-3.9020064166618997	4.90372402622692	-6.306846618652344
8.0	9.0	5.0	-4.150106996297836	5.27163028717041	-5.0	-3.9020064166618997	4.90372402622692	-4.846331596374512
8.0	9.0	6.0	-4.150106996297836	5.27163028717041	-3.5	-3.9020064166618997	4.90372402622692	-3.3897523880004883
8.0	9.0	7.0	-4.150106996297836	5.27163028717041	-2.0	-3.9020064166618997	4.90372402622692	-1.9359912872314453
8.0	9.0	8.0	-4.150106996297836	5.27163028717041	-0.5	-3.9020064166618997	4.90372402622692	-0.48387908935546875
8.0	9.0	9.0	-4.150106996297836	5.27163028717041	1.0	-3.9020064166618997	4.90372402622692	0.9678068161010742
8.0	9.0	10.0	-4.150106996297836	5.27163028717041	2.5	-3.9020064166618997	4.90372402622692	2.4203367233276367
8.0	9.0	11.0	-4.150106996297836	5.27163028717041	4.0	-3.9020064166618997	4.90372402622692	3.874910354614258
8.0	9.0	12.0	-4.150106996297836	5.27163028717041	5.5	-3.9020064166618997	4.90372402622692	5.332679748535156
8.0	10.0	2.0	-4.0073952078819275	6.563773155212402	-9.5	-3.6989869194302827	6.183331305374439	-9.243755102157593
8.0	10.0	3.0	-4.0073952078819275	6.563773155212402	-8.0	-3.6989869194302827	6.183331305374439	-7.7723388671875
8.0	10.0	4.0	-4.0073952078819275	6.563773155212402	-6.5	-3.6989869194302827	6.183331305374439	-6.306846618652344
8.0	10.0	5.0	-4.0073952078819275	6.563773155212402	-5.0	-3.6989869194302827	6.183331305374439	-4.846331596374512
8.0	10.0	6.0	-4.0073952078819275	6.563773155212402	-3.5	-3.6989869194302827	6.183331305374439	-3.3897523880004883
8.0	10.0	7.0	-4.0073952078819275	6.563773155212402	-2.0	-3.6989869194302827	6.183331305374439	-1.9359912872314453
8.0	10.0	8.0	-4.0073952078819275	6.563773155212402	-0.5	-3.6989869194302827	6.183331305374439	-0.48387908935546875
8.0	10.0	9.0	-4.0073952078819275	6.563773155212402	1.0	-3.6989869194302827	6.183331305374439	0.9678068161010742
8.0	10.0	10.0	-4.0073952078819275	6.563773155212402	2.5	-3.6989869194302827	6.183331305374439	2.4203367233276367
8.0	10.0	11.0	-4.0073952078819275	6.563773155212402	4.0	-3.6989869194302827	6.183331305374439	3.874910354614258
8.0	10.0	12.0	-4.0073952078819275	6.563773155212402	5.5	-3.6989869194302827	6.183331305374439	5.332679748535156
