p_over_mean_q,p,edf
0.0099999999999999985,0.00052467724260963136,0.9900802451316616
0.031622776601683791,0.0016591751231031821,0.96929098556584115
0.10000000000000002,0.0052467724260963147,0.90894667803922213
0.31622776601683794,0.016591751231031824,0.75948406989231654
1,0.05246772426096314,0.49976803814608417
3.1622776601683795,0.16591751231031823,0.24017331229534
10,0.52467724260963144,0.090895576471637984
31.622776601683793,1.6591751231031822,0.03065179880390384
100,5.2467724260963138,0.0099008165329721332
