trial_index,cond,q
1,A,0.048229955825883443
2,B,0.053146833614632225
3,B,0.0535643389714636
4,C,0.053647797042284055
5,A,0.052915750159518722
6,C,0.053536222665694008
7,B,0.053452990984576329
8,B,0.053682001526175603
9,C,0.054286100911274449
10,A,0.053004170649222034
11,A,0.051772324147423089
12,C,0.051775899434410085
13,C,0.045316611273414853
14,B,0.047956801230457556
15,A,0.054180854326234131
16,A,0.054832204312301992
17,B,0.053935782956235245
18,C,0.052457417894471448
19,A,0.053043515158460383
20,B,0.053673111349624603
21,C,0.053248143395801049
22,B,0.054151139407780997
23,A,0.051668232311643587
24,C,0.050923387404152282
25,C,0.046492821956295921
26,B,0.052500054843859514
27,C,0.054044400283434761
28,B,0.054444454932733831
29,A,0.055058952781661896
30,A,0.055006649625913971
31,C,0.052806923881497859
32,A,0.052074903063519931
33,A,0.052192795556858337
34,C,0.052691486713171705
35,B,0.051673541307617449
36,B,0.051449501494971996
