trial,v1,v2,v3,v4
trial_01,5.6722303297778804,1.0674090351881107,3.7082549061934773,9.0694509653691036
trial_02,3.2184187503782207,6.7783383006207387,-1.3724288739324626,5.6075910912525977
trial_03,4.7147962743006362,3.9058022549397533,0.5982145322909167,0.26156670044209696
trial_04,-1.5982812270582709,2.1231970899012187,1.2795002461109783,1.0784414435123142
trial_05,3.4332437339629305,-0.021026919528841503,2.9015838574211461,4.9040023376676372
trial_06,0.0050860586782879302,0.01440101916398806,-2.7869742017897958,6.39664036852799
trial_07,0.023083400703101553,7.1266936453141678,-2.5133311563300165,-2.3918936636361612
trial_08,2.286366670533388,0.40513612942278021,4.8288358431626159,0.88306961806230255
trial_09,3.1054902449513171,1.7369894437608551,1.856294897049096,-1.0977995287892317
trial_10,3.6151967615424301,5.4142672080870398,2.5850642521337126,8.1416059615936582
trial_11,5.9569455004176985,3.5765583711726787,0.11289625573811035,5.039944785815524
trial_12,4.4076631364187824,2.4071142163886057,-1.1531250187209303,0.1885692917025068
trial_13,-1.206310422608424,0.73579672664123796,0.38162342146734796,5.3550891829381957
trial_14,-1.6007389310977707,-1.0208035684028318,4.6970778659218375,1.3638787527089975
trial_15,6.5405961436617472,4.667056405435952,1.0455314508686457,3.4378959964623115
trial_16,4.2937205118234054,6.4491636366081,3.6991358169564128,7.5180903969477768
trial_17,2.0479299413682441,3.6559893818114197,0.82891082417729556,1.8215949466675558
trial_18,5.8686781144582234,0.67197745182936286,-4.4641127121686761,0.60746957801233625
trial_19,5.6086494170177303,4.3574644307392107,3.5573025387974653,6.7968493962935064
trial_20,1.9376088638502089,1.7366600883504006,-3.0520732137331263,1.3676750160376008
trial_21,0.54694804609669401,0.14076497764711648,0.088590956750169259,4.774272101568652
trial_22,5.0252494333568958,1.5154802165345378,1.0063635215989684,2.938899815492181
trial_23,4.7230531646565375,3.4739440884802617,4.7463193010916447,6.8935847868713864
trial_24,3.8622190430522854,0.23967671831746218,1.9724507936128544,2.7221423957572419
trial_25,3.3276290669764315,1.0781250099940276,-1.2795165247928411,4.2337563859188698
trial_26,3.223905950205503,5.2569764708123028,4.1964701074857613,1.4319870410137368
trial_27,1.2071994807834823,-3.8905162566613654,-3.3868421782620368,-0.31721471167145632
trial_28,-0.45644688472491479,4.6959940614848525,-1.7280044257761351,4.0067963956612873
trial_29,3.9612372394378643,7.9009981519980874,-0.27639463977531964,4.0415851600045798
trial_30,8.3276405933574154,5.555651160511287,10.640766416994021,8.2957364079575004
trial_31,-0.45163262851044861,0.050194968733177969,0.54697643343131386,0.38260253894055785
trial_32,7.4252051665617476,5.8929321116066333,5.4928810494541107,8.7883070378342332
trial_33,6.7327030978349391,3.2485998073559212,4.0284443003516035,7.49982651896969
trial_34,-1.3574235612324266,0.25270095184236974,-0.49254248396482403,4.9076374957895554
trial_35,4.4753373383219577,2.8235687557058577,-0.022974615056285952,0.62558405352899582
trial_36,2.8882296144774551,10.59718249105604,-0.87627083555375607,-0.21590483817075956
