phase	scenario_id	dataset_index	root_seed64	sha256_utf8	noise_seed64	r_state1	r_state2	r_state3	r_state4	r_state5	r_state6
pilot	rank.R2.n80.p4.q6.three-column.alternative	0	8108391702281142213	7086cb4b0a313fc50d2039afd1288c6dde03ab14c02e75a3880f4c3ce96d65b7	-3731044119590521992	1629591426	1658407801	1767396233	672277307	1392605278	331587568
pilot	rank.R2.n80.p4.q6.three-column.alternative	1	5204058444294656383	c8388795328e117f281ff10a658b0bd275f329a29dafd951bac59d5d1f82e1a3	-6188572734459129252	928029519	1025182110	64232616	1617495038	1748348407	1019598054
pilot	rank.R2.n80.p4.q6.three-column.alternative	2	2426779362883028859	a1ada6f910e4477b5d0a0157c80895abe7d138ab6c16099a44254c2d545a9ef8	-4583332851581641655	762608589	1176714872	697541974	1155637600	1171329495	549123287
pilot	rank.R2.n80.p4.q6.three-column.alternative	3	2624078353148593230	a46a995bf636c44edae08a03d4e511081dbaed7104b4fe882e0d7fd7ededee24	6529558649275280297	200820849	160369057	1000448986	267546196	1365261019	1654458576
pilot	rank.R2.n80.p4.q6.three-column.alternative	4	4080610028364747516	b8a13d336793d2fc27f50225cab23dea8c274234c810ea36c3ef4973a07ee319	4443949114336862099	2004656534	1644880730	1028989197	249581172	1792058904	1052239968
pilot	rank.R2.n80.p4.q6.three-column.alternative	5	948645363900354843	0d2a43eead1a111bd0443e451eff9ac233034534aacea97080a9f28585e76128	-2550716623244009021	1742558468	646910380	1296964187	666860906	2096680154	1667775629
pilot	rank.R2.n80.p4.q6.three-column.alternative	6	1205956852525865548	10bc6b5e31409a4cd768dfaa98eefff5213bb5c7cd704a75dc86f769da6a971b	5863754732708744563	214536512	1216971755	1159097681	677558178	457141773	1820714524
pilot	rank.R2.n80.p4.q6.three-column.alternative	7	6453582063428431690	598fbab1b37bef4ae57ca7bf33ffa400355450e2f0602183f48f957f97d8f658	3955366825320108381	325821282	578917673	1194262554	1704668166	331085616	544192295
pilot	rank.R2.n80.p4.q6.three-column.alternative	8	5335175207407453937	4a0a59958bfe06f19d42e2b09040ae9d389fdef4bda1e965841c9eb8df023890	-2519988461476619559	1347151708	1332914331	561717022	965802413	435321391	216204091
pilot	rank.R2.n80.p4.q6.three-column.alternative	9	4832624141595872474	c310ee0d6ccc8cda8b221df07653dd3686285af69d51c4443b091217f5a23d08	5836250808327605816	598677558	877808692	672421364	2050234580	2094843579	1273198207
pilot	rank.R2.n80.p4.q6.three-column.alternative	10	2908154847092689534	285bd76ce4ca4a7e399fa1278dc332e45a4ee1930866bafb855fd765bde3ba89	-4315049489004407760	224887894	1072544189	1929054843	1162093498	834145538	1488776677
pilot	rank.R2.n80.p4.q6.three-column.alternative	11	6829933745125073382	5ec8cc8dfda221e6227d56cb4ca1b36a10a0d9ac6b50a7b49fb30457f4435384	-1478079386699750309	132808600	300522537	1878775591	1246688320	564085141	1115335351
pilot	rank.R2.n80.p4.q6.three-column.alternative	12	8792816171677952162	7a065bb8c82ca8a27360f7e3fa2cf4f4b0528c3e126946be8015c751d4337a2e	-6236117334748573390	1952529049	103327081	1690714419	231764764	228582040	1862846836
pilot	rank.R2.n80.p4.q6.three-column.alternative	13	4847251654033619059	c344e5b28f993873c24122da7def06628b3054c38c0f54d8db03d26be8440a36	-4178164153366097038	1990927157	1969556155	1176265865	723555131	2035951189	854284037
pilot	rank.R2.n80.p4.q6.three-column.alternative	14	1174050998493522117	104b1129a96628c5ec2864677f02529141380aa57bf1a1505ed92ad80d8480f6	-439219557256775696	1777752774	76945325	736632150	1171416367	881579208	1086645248
pilot	rank.R2.n80.p4.q6.three-column.alternative	15	7269680640454617081	e4e31806acd4e7f93069edc0c4cb09e0dfa7b973a4bc0222a2a22dcebdf98041	5264939261630010741	1682975050	781198128	551199620	1336103989	1228692833	1689715314
pilot	rank.R2.n80.p4.q6.three-column.alternative	16	6302792758587324057	5778049ecc807699aee9f428ef99a5a952dadd7885664da06e7825972f7f7756	-2368140266902154722	1649745040	981934416	1977590700	1240258223	614696633	982894944
pilot	rank.R2.n80.p4.q6.three-column.alternative	17	625465832705081624	88ae19dc6987c118afa186347eb0a67b7a5a9ab8c155200579ff92199a34ffc7	-3204619981844104258	1015151055	1221009938	625026865	2127952530	66386251	91673506
pilot	rank.R2.n80.p4.q6.three-column.alternative	18	3866767639833497046	35a984ae71404dd64925ce3665a01e366a13dc2dddbbb211ab6a53d93c07a404	-5491087298411219827	1133934599	567629904	1050752397	1518885	2067990858	240679203
pilot	rank.R2.n80.p4.q6.three-column.alternative	19	3365211702067325956	2eb3a2369fb5ec04cb9be4268b40712d613cdde3e1094ca936cbc264ae0fd6a6	4136580424110408700	1245651336	526049778	561856965	853174969	406902285	1905140812
pilot	rank.R2.n80.p4.q6.three-column.alternative	20	5342094637863278817	4a22eec4fe5c18e102090542f5aff82d1a38b8827b03146e7c52316bdb755ed7	780703658288989117	1729166225	124473111	417450493	1245176742	650887738	946517724
pilot	rank.R2.n80.p4.q6.three-column.alternative	21	1175277403840073848	104f6c92686e5078425f97bc79efc39adc58b1ebfaacd1fb2902d272d16b21aa	-6647459255541058282	1974174091	2007881257	134263057	659953350	1693351736	1264196754
pilot	rank.R2.n80.p4.q6.three-column.alternative	22	3983224292557206831	b7474163da94352fe3ae937dff33dd043e012fe649c66fb934c12e3f4e6c8e78	-5469212043270344507	383810588	1390149166	1874845561	1540079559	1391227536	1352653037
pilot	rank.R2.n80.p4.q6.three-column.alternative	23	7713335346826827388	6b0b45a18513d67cecfa091fa56a079c2a180dcfb8b59549ea0e6293ab26cd32	1327688175118895796	728856275	1773865925	1369664452	1769112056	1950860507	1967700598
pilot	rank.R2.n80.p4.q6.three-column.alternative	24	8527013490382031928	f6560997692f4c3800fc21d35dbe14c78b09fa667cb5b567b0d00da24c40f996	7193295464373075511	2040633690	1520571329	1471778997	1968763793	1861603875	171493317
pilot	rank.R2.n80.p4.q6.three-column.alternative	25	3431383774534319173	af9eb95cd9283c45ece116509d7253fb311f0ac1d19c5ce367ad0854a25579f7	-7653686670094565592	130878599	1796153229	1560961156	1396152957	1676610317	953165309
pilot	rank.R2.n80.p4.q6.three-column.alternative	26	851107804776084986	8bcfbe0a013db5fa7c31677eeb8e5d93bbe6193392a37a32b36e74a581dd923a	-8770372946432265719	929853709	1429865542	2027519173	817468767	1215850743	1818855355
pilot	rank.R2.n80.p4.q6.three-column.alternative	27	4008722362664848323	37a1d7bfedcd8bc386ccef756736a06818a8a907002be141c0e9b53deb128be5	-6279228361848563029	1129327239	1385316471	1705122200	162208125	272163891	489976724
pilot	rank.R2.n80.p4.q6.three-column.alternative	28	3599239100818428510	b1f310e481fa925ef3b03fcb6181828408432c2db3547e9d38cc1360013419a8	2062127381346003585	1885875205	111035821	2142696426	936110538	1809035966	1040494627
pilot	rank.R2.n80.p4.q6.three-column.alternative	29	7389692823889721326	668d7678973337ee542c8292890b64c97577b1f2b4dd6f6422ca0ba711afff19	-3592307134178224611	67862569	1347065261	1136624393	2045844776	1005476789	1943536142
pilot	rank.R2.n80.p4.q6.three-column.alternative	30	6548655198038736152	dae17f34d39d3d18388d128adef42791588e37ee0c8c71f1eec0dc3378ee65c6	-8133464168694297049	189242113	1345521725	515748250	1001135442	1304193790	956865532
pilot	rank.R2.n80.p4.q6.three-column.alternative	31	8279389105581685404	f2e64c86836f7a9cab1cbc5dc9afecbd55539ec1733d4d75017b0ecdbb559ccd	8822990500864737746	1621815215	1184229819	80449089	1426833589	318046675	941258003
pilot	rank.R2.n80.p4.q6.three-column.alternative	32	4851190572283582537	c352e41f6eafd8493eb44a7b9c74b42f47e13194ac65d74133f26961536221c8	2706823584562409183	1467865388	121149324	1023598757	413551263	329802500	2053836114
pilot	rank.R2.n80.p4.q6.three-column.alternative	33	3502390320752000812	309afd70b5307f2c16807b7746efcd78e6948ab6baf8f2678f9789dfc15a45ef	-5300111048873965679	1716090278	720566928	2120105124	2091797987	1554408786	1923885479
pilot	rank.R2.n80.p4.q6.three-column.alternative	34	7026827566165133670	61844e7113320966eaac5bb0d925d3ac3d4d506d85befae36b9114bad966651e	-1420116608516081511	2028316296	153660273	448416327	1555255657	929326001	1694735674
pilot	rank.R2.n80.p4.q6.three-column.alternative	35	4211635445645612507	ba72bc1fa52695db250f2c350454cbc8877b74d38c618ce402a33dabc307338f	-7116680597795883729	1067088712	567881162	55509958	1821602568	228381231	357999561
pilot	rank.R2.n80.p4.q6.three-column.alternative	36	8451710123204653486	754a8193f62fb1ae1e36ab491952fe6cada2e36ff4d23b3c4ba22b683667e76c	4404397075164318481	458172960	1373463848	1931636043	1953056505	1793604180	2016621287
pilot	rank.R2.n80.p4.q6.three-column.alternative	37	1592491199123197356	1619aa4ee7ac8dacdc58c58efa3f3f6a45945bde36b1e888e3c73ad5be6e7483	-3733652247309817468	942879446	48141843	1327692949	666830521	192521963	45034924
pilot	rank.R2.n80.p4.q6.three-column.alternative	38	3588836463054441182	b1ce1bbfa9544ade6e37d4fc402f6ca9bbdca54db817c83798904531b53bc5a9	637027162167829501	100284679	667067938	758801456	727803572	970495198	1553161012
pilot	rank.R2.n80.p4.q6.three-column.alternative	39	4553266105051603936	bf307365f76d63e0110f7a680763f13c7864c26ff0d77d64f6d909af6fc24769	-3852026386407292948	1973960479	542280315	694484539	1044845796	1079870542	1600429995
pilot	rank.R2.n80.p4.q6.three-column.alternative	40	2675903203756347058	a522b7c9493a0eb2444cc68a3ef249ca0ae0751cab7c71c4f14bc625ae4f9566	-2003147650656204742	1299305651	1032676125	379794823	724689500	710436526	1997770393
pilot	rank.R2.n80.p4.q6.three-column.alternative	41	6617552217035414312	dbd644ae1afe9b2818970c2162c45201c8cd07f4671d805e88a6b0735f982585	-4695719063583181850	2007150746	1073997395	1791795830	349954819	643279704	1474422832
pilot	rank.R2.n80.p4.q6.three-column.alternative	42	4961239504888906220	c4d9dd0b3e89c1ec6c553a83a08c24d3c7c8821665a799d6ea1ce20f9834d77a	-7932802628589102589	167036851	1778229148	1876282878	2096905771	2143209443	387441860
pilot	rank.R2.n80.p4.q6.three-column.alternative	43	5864211560441275493	5161dd5823d7646518bb3c6065fa511be4ed96cea1120df247183bf3a3019f8f	3912584562358606435	1081416702	1221048971	1838595913	1142590145	2076211238	115110142
pilot	rank.R2.n80.p4.q6.three-column.alternative	44	254949905258948863	0389c3968a7aa8ff0d2b3f0dcf078f84c83ffadec6d4223f04c85cc5557a2682	2154764252591558844	1192730839	1582276686	1908927595	31462111	281778596	370914571
pilot	rank.R2.n80.p4.q6.three-column.alternative	45	5982346881813593960	d30590cb0daa3f68edf83535c18b1ea540fd11925ef2d7bdb5061604cabc91bf	-3806562610830842364	1246412661	1909790667	1507364585	460093267	409552499	1770240692
pilot	rank.R2.n80.p4.q6.three-column.alternative	46	1319324632189914510	924f2ec34d1a4d8efed199143dacc218fad15b36c6420c09820ee43c5e607fb2	-516869774685915941	837156496	1995723149	1966211538	60272206	435028901	1914721740
pilot	rank.R2.n80.p4.q6.three-column.alternative	47	4653111078726125724	c0932bdf73e7c89cc46a4e6bf085fd497b1fbc8c3aacc903cfd70c0b8b903c50	2298643252901845017	695103466	469280744	1667959675	1941792357	322771118	2124302485
pilot	rank.R2.n80.p4.q6.three-column.alternative	48	5408774613946638344	4b0fd3dabe70a008f222876c5c41ac755673c49ac9332f83b9d3a02a4a16e7f5	-8169653843183016990	1114891330	735539961	2035737171	1040419063	1239737097	1142690400
pilot	rank.R2.n80.p4.q6.three-column.alternative	49	8832455662187923072	7a932fa0df194680f28224cb854b7ecb281299975e1960bc282e4bf81918d274	8581819470482274321	1468440614	1330658423	461783245	499485563	2047170899	407040911
pilot	rank.R2.n80.p4.q6.three-column.alternative	50	6789133252633700238	5e37d8b91006278e1ded8e19165d957ebebe9af44000d3a306bb8fff8130bdeb	-21365624465640882	1645813122	1556002659	1769659232	1871332413	1603270515	1920339413
pilot	rank.R2.n80.p4.q6.three-column.alternative	51	1563102893243867266	15b141ccbb2fa082e7d1523e228946b1fd118dbc5da5b0e62ff00002cfcddef0	-3988778841459538096	1625121347	82152681	751999729	2136230663	50867851	668944359
pilot	rank.R2.n80.p4.q6.three-column.alternative	52	6045462494065403237	d3e5cc1badb725658193b95cb016c3a5c58383a42ae7601df8eea4b7c51508db	1016318861195311872	1996712241	952501825	541518308	1804126411	793931063	1360241788
pilot	rank.R2.n80.p4.q6.three-column.alternative	53	487014842106551565	06c2396b281a9d0d6d43a6e44dfb8d62ba1569eb01d9719832e46e86e241e91a	8373885977430547464	1742027340	1227828597	1954991765	905787029	794452914	149205837
pilot	rank.R2.n80.p4.q6.three-column.alternative	54	9103613081007727470	fe5687dd3a10a36edbb402c8ab1624435aea4e39002f0c0dbee67f251f26189e	-9215990259647021557	470834708	1000993673	1482124670	53028779	105448557	503703363
pilot	rank.R2.n80.p4.q6.three-column.alternative	55	334982832368438914	84a6191c792cce829c91883f338d9eef9f6bc67f7658286c4215b862653331b4	3349254018420686119	1802161153	1527272469	1133737180	684334579	66398856	1347880572
pilot	rank.R2.n80.p4.q6.three-column.alternative	56	5578137328553964271	cd69865898ce32efdaa7aa6b7d421678c5e5f979012ddf1178f0a332ddd51970	-8592694640899326259	1730920115	1500819825	1593926966	222629278	1455674626	2138584232
pilot	rank.R2.n80.p4.q6.three-column.alternative	57	7232809471048460343	e46019e491eca837ad018ce80a7c5108b4f4c6110be243c744b610f35438cc5a	-6810378920248961901	1318078450	1478040856	1106450840	1435813902	1965449970	1326290431
pilot	rank.R2.n80.p4.q6.three-column.alternative	58	9097407259438643839	7e407bb3cbe67a7f9b31ffaf806349ee5edce80ea84a4d2f94e6f097d1890602	4798237788876620701	942014574	1688526125	1845600495	1301936716	2011679765	334854702
pilot	rank.R2.n80.p4.q6.three-column.alternative	59	3228520111416781370	2cce01ef9733aa3a55f9610fd4b9e0780a3e3a6312207ffc42c4a465f6edc15d	3379555428800648699	505943463	1018717613	1890736449	1657236607	1565377471	1175772601
pilot	rank.R2.n80.p4.q6.three-column.alternative	60	1352151768615658679	12c3cede9ac0a4b7e2ff7e0a9bff162fd78f0c8e77dd79023b3b9ee2b1523542	-3041206546899126305	1299770848	1666309712	669688639	1650003558	1886186049	84002360
pilot	rank.R2.n80.p4.q6.three-column.alternative	61	3347668618293014821	ae754edf2313f1251d36b905cf6cda307e47840a425ccf5f7e629f56aa85bf6b	-3756801894375736182	725056716	1684268982	532906681	1820463652	1942814548	1306511768
pilot	rank.R2.n80.p4.q6.three-column.alternative	62	9186601390410811131	ff7d5d4ab88bc6fbd9486050565723958eb66c9904cef9b7c77f9564d42bfe2c	6013896157594886507	1319632845	1461393522	1930481995	893107050	1282575078	161711635
pilot	rank.R2.n80.p4.q6.three-column.alternative	63	3756637729537927233	3422421c8af028418f2995527e802844d60414a78076dec6bcc7e261be99b1cd	1589685788108339851	1418341715	2088963408	553376813	34460601	699770323	1052475090
pilot	rank.R2.n80.p4.q6.three-column.alternative	64	7328631488588283892	e5b48782970bfff4c7753488c58aed586dfbeeb8158c0987149cdca8d1109c77	-7142556656171130357	1464405902	924220480	1453117311	467717683	451013333	1798307335
pilot	rank.R2.n80.p4.q6.three-column.alternative	65	156604141359582098	022c5ea30817cb92ba37c1eb889dd07c587a88e988043889f6e0cf58e9978b38	4336160995660227170	1402471451	149499441	1176018079	1341647476	463986688	150374149
pilot	rank.R2.n80.p4.q6.three-column.alternative	66	736187563825893732	0a3776b055e7116415673d8c37433a75a2db69e01b6608ad32be558d1640d1bf	-7088308462815817665	472161720	909830056	710261703	1143414654	566569306	808687544
pilot	rank.R2.n80.p4.q6.three-column.alternative	67	873589714181768353	0c1f9d37713d44a1c073811b46ebc6e1766e56c64c3fdf194089be09eca0e863	-7039984114225213172	2030608503	1189042431	951575461	1706495425	1984888753	956832489
pilot	rank.R2.n80.p4.q6.three-column.alternative	68	8030040089173403515	6f706eea8753a77b362ecd577fbf705cc91d178069c42389804376a805b0c97a	8618544478167811494	864854709	815726843	2039465195	114018545	456640674	1174629784
pilot	rank.R2.n80.p4.q6.three-column.alternative	69	8744939823187744229	f95c446fbf45d5e50bb3cd170139e37940468c1fea1fca4aa2ba50dda9e217f1	4740471415535642920	291438969	838646556	1114753229	2046555373	714592270	607553524
pilot	rank.R2.n80.p4.q6.three-column.alternative	70	4087922489383507377	b8bb37d86908d5b152ee3b63b779ccea20807648c375d6b4429854978d2c1728	1457692750505059485	1907912303	1953494994	467485265	2096393312	330101246	1535153668
pilot	rank.R2.n80.p4.q6.three-column.alternative	71	721397542439915191	0a02eb3e22f88eb799a961bdfb8fb9d42cfa8adb0e044cb1f275910add8caefb	-7652340051446096481	1022415306	203185172	1616690192	1040215451	1873480795	1518209139
pilot	rank.R2.n80.p4.q6.three-column.alternative	72	6723786406543461543	5d4fb01cd39f8ca754c14733f208f505410c256e822f5579bb657ce10e07b5b7	4452841594456141672	1098900992	342998793	1767801849	1138703509	93771817	1828603372
pilot	rank.R2.n80.p4.q6.three-column.alternative	73	2698333921553874910	a5726867bf9affde31e8d3bbdaf9840fb2163a389176d41b1b2c59431d0990ae	-6230454704836127755	1234637563	695481138	1076704567	748916416	77009802	132768712
pilot	rank.R2.n80.p4.q6.three-column.alternative	74	8772039905347156766	79bc8bd151c4bb1ee2379c4febba650d3d6b892ecde4f667f77d8bbd7477a9a9	-1814048117878421413	1434838256	1700951665	1318439098	1017330635	1341817550	1973250679
pilot	rank.R2.n80.p4.q6.three-column.alternative	75	2529979931765956265	231c4b57f1c6dea9c3e04979e72aad6e163ab30daca72353f82a208c86a310da	9118619415507061647	989250735	1623809119	1226530420	1537071622	684055448	562672287
pilot	rank.R2.n80.p4.q6.three-column.alternative	76	8313620935128011792	f35fea316b8e54103f532761649e88375dd3ca1ee17bf958514765b11cdb8e67	-6442699105664174100	1766955886	240698911	1427796694	1078381296	1779278893	421377411
pilot	rank.R2.n80.p4.q6.three-column.alternative	77	8900911802278562393	7b86642007e54a59c30d7ef962ee63bd9b42d9c0f615439ee7ebcd1e2bc189f4	-8651478779142496804	1845025417	1145103664	1721747786	762085552	924418343	49309534
pilot	rank.R2.n80.p4.q6.three-column.alternative	78	6927176754990125133	e022468e9187904d05a033d0c7290230b8a32d40d32949c0b85c47dbfd9b93f1	-2817120664269575725	2068185633	1222976569	174540283	1397207821	1812029245	770690382
pilot	rank.R2.n80.p4.q6.three-column.alternative	79	3784287191631013303	b4847d26993a25b7f1215a1a8a148d6cb1e87e3cdf060234a577dd76e1283d60	4814461938498343787	1785568379	2113345291	1449094971	517403602	1364963186	1046763608
pilot	rank.R2.n80.p4.q6.three-column.alternative	80	7690946177107604592	eabbbaccb925b4702c821be8511fe5b3b21d34de2132fd73186dea530834787e	-3481342439128620455	1074515642	1103376310	195399957	860338574	1786069026	174451026
pilot	rank.R2.n80.p4.q6.three-column.alternative	81	7377082060414403101	e660a90c69e8421ddf8c91d2aa0de634d13570b0bfd7365d58a6b734104de8f5	6659605250293521175	1072119178	2098505328	490613915	1601837808	899788301	1547515196
pilot	rank.R2.n80.p4.q6.three-column.alternative	82	1005685514964247146	0df4e9a5c333226ab035f739a7ec0516bc971ade64acbecb42b961d7486e78f7	4396560345603028059	1180770842	51704054	1724251255	492379122	17310927	1036339411
pilot	rank.R2.n80.p4.q6.three-column.alternative	83	2953940471766826354	28fe81355b4fbd72aeeab95c6384b1092ec907ec72b34a9dba8bf3c87afce6c3	1664436523052352518	1790863070	1238768580	977532445	943665948	1084104677	842714809
pilot	rank.R2.n80.p4.q6.three-column.alternative	84	443677501722896091	862842564d06a6dbd8ec3971fb075935e95030264a156d59177a0ee7b4665f02	5945426956830197978	1964751323	1237939376	1201784318	869233257	1478178983	522979042
pilot	rank.R2.n80.p4.q6.three-column.alternative	85	8217108815043548214	f20908ee6166d4366c3bcbee20faded6c582aba00f8a9308e085c216405d500b	7163882236935672816	553292431	1620029381	1970678992	882169509	1754845860	54343425
pilot	rank.R2.n80.p4.q6.three-column.alternative	86	315653963500829976	04616d9b7e693d18a121ebcef74dba23305cdfbd926695766ab4685de7ae6efe	7373124083904293674	1003644980	1253577106	341395414	197369132	380929271	372045807
pilot	rank.R2.n80.p4.q6.three-column.alternative	87	9110172851378066575	7e6dd5f0c8cc148ff1ef62cd8bb8b962cc0e47d28e35d5d7da95a44975343a4a	7494654095456512425	107884661	560443992	394975368	1910664529	1671083197	229961700
pilot	rank.R2.n80.p4.q6.three-column.alternative	88	1250140755793526743	91596464d44fbfd709cc400dda5a7e281c4dffb9071370267d92ef70e2235a8f	8963831362095432884	1245596153	1845008676	1282077316	1273401789	288888287	712199608
pilot	rank.R2.n80.p4.q6.three-column.alternative	89	1020057428656667709	8e27f8d3ad943c3d2d97af5e622c2087e45dc61f7208ed26cf847ae7ec934a74	-8272892980860000538	1915672964	467039317	29439460	1393461964	707537223	2004225429
pilot	rank.R2.n80.p4.q6.three-column.alternative	90	2251494510911102684	1f3eea5428991edc728f9abf5efcb80dca957bbb0e9228843243b454978285a7	5252384191120129967	518489066	2067185268	1390897160	1744338623	1868457990	255301325
pilot	rank.R2.n80.p4.q6.three-column.alternative	91	3839778561480741469	b549a241f538525d63c759c1793aaf0800baf9c227dde2567149685bcd601260	-1569511068888702738	1796477288	996761997	1200191748	431089082	256810663	327510573
pilot	rank.R2.n80.p4.q6.three-column.alternative	92	7273553261456863252	64f0da2784053014765413fa7a8e2e53a57c4afcfa6df57ee457b77e4d87d268	-1626695163267446054	384308010	1923920984	228693771	823402897	1984872872	1142028702
pilot	rank.R2.n80.p4.q6.three-column.alternative	93	1932330407554057345	1ad104448af20481edfe3920ffc4796698d5f70a9143f8ffc3d4578b30aea717	-8527209322492424866	2016311842	2137938046	1313757738	2026177993	817466178	1434477202
pilot	rank.R2.n80.p4.q6.three-column.alternative	94	6594412014371656017	db840ec9d330d151a5deea0ca03fd2d9a34fc8069c87b2fbb202f48d4070852c	-8138061626193496542	738039225	1558503238	34662548	546803013	140202961	480854418
pilot	rank.R2.n80.p4.q6.three-column.alternative	95	6171542657628159227	d5a5b9595018bcfbd01e658458bdaa6655a042ddd6503751c5cc8de92f81a838	-1967314331911892931	981180067	1675375009	985455579	533769313	851107641	402504446
pilot	rank.R2.n80.p4.q6.three-column.alternative	96	1211300659351994961	90cf67882cdf4251d568b16264917b365c6a92efe3477cdf74703e7a983df649	-5223037338864991085	1470712393	1748110197	26499179	860594025	1605930192	809437289
pilot	rank.R2.n80.p4.q6.three-column.alternative	97	2566841429366324205	239f40ae2822bbed08d69d91505f25dfe57deaaaa78c0d40d3defe313d19d42c	-1330197957484802248	1077926953	1134892673	1115943616	179067274	789435804	87119154
pilot	rank.R2.n80.p4.q6.three-column.alternative	98	5745211916529543075	4fbb17cc7415a7a3d7ebc8e4219b8fa9844ffb14595c3da550b89c8d1d64a8d0	-5410697908780232080	318671197	1838269275	481549412	731827508	925305120	732390286
pilot	rank.R2.n80.p4.q6.three-column.alternative	99	5565176227598733903	cd3b7a4b1e78924fbbecfb2701f1da87f67220734d0c98c8cbb246875645278c	6440899774766296740	369754278	1118020429	574372667	682530769	502192156	373598323
pilot	rank.R2.n80.p4.q6.three-column.alternative	100	3900640272973208024	b621dba96b2699d8ef75c798e12e88d94f2113eca3dc6ac2a7e3a813837c9b16	5376667176331670750	423771823	226428874	1940247322	219323475	110289093	301583634
pilot	rank.R2.n80.p4.q6.three-column.alternative	101	1061197150866884102	0eba212fae13c606cb0ad739cfebe4f9a1b2b75273fd6502cf0a103a12f7f6ba	6996897339587442673	1483890083	1359631409	1903581576	1063082557	535941318	29666217
pilot	rank.R2.n80.p4.q6.three-column.alternative	102	7566157775616304150	e9006468e22b6416cd2c58dcb1e947ed3d9044a58dc5ebc90ded9db72d48e38b	-614495396182034831	68739504	2096512871	1020387731	1954903864	229172520	2019207435
pilot	rank.R2.n80.p4.q6.three-column.alternative	103	4512091354753177873	3e9e2b2e5a2c99118c423960315a922c4207729bf3f357f96acde686c910d3e6	-6892650772959351312	1564357935	504622561	541400242	1343154056	2038182507	150785510
pilot	rank.R2.n80.p4.q6.three-column.alternative	104	5718505213476962052	4f5c363197837f041cfcf716ea1d19af4777ac893e579a8b219d94cce1c09e8c	-5345851064893194696	1272665772	1862756382	66102626	402007632	653123752	288142913
pilot	rank.R2.n80.p4.q6.three-column.alternative	105	4603117373522565973	bfe18edce43ddb55c852cb865ba88045165678f7ea1472380e73a234138ebfb6	-7955424094979810245	1980357894	232231063	623749632	404770865	1603091741	409337791
pilot	rank.R2.n80.p4.q6.three-column.alternative	106	7846890343228670624	6ce5c1314b9682a0ccff1b16e6ff85d0837d9e129faa3bd09788f93183fe1390	-3547838919283273961	1066777580	1065685313	1706342576	1414255622	1131580364	586425180
pilot	rank.R2.n80.p4.q6.three-column.alternative	107	8898765594301898637	7b7ec4290bd51f8d3ddf84fa357d5cf53088a78fbdb0399c4ff2a2c62844d796	8648630050590097529	234635417	907242617	1957581025	1267349907	1729837871	136532457
pilot	rank.R2.n80.p4.q6.three-column.alternative	108	4353750792591787358	bc6ba1475902455ecb3a62e97f96c8f9fa948724ad92bf200be541d5975aae85	-4218331328075830244	1379021097	1890243061	501129439	1186515334	1066070459	1967217245
pilot	rank.R2.n80.p4.q6.three-column.alternative	109	8240625793172281112	725c957f88f497183087c8c9fa6e41415e26b7ceb6d9478469ad1913a4d6db05	-4675730471813974520	678359475	566896548	1162761024	599909369	57422439	1378233221
pilot	rank.R2.n80.p4.q6.three-column.alternative	110	3063667867131111199	2a8455b17220e71f446c07f57038e970da43c016897b87bd6250aeeccc023917	-4544269634058011803	1399106759	1666179915	1496182825	165714886	481705452	2087648581
pilot	rank.R2.n80.p4.q6.three-column.alternative	111	65719130563173645	80e97b33782a5d0d4a208e30d7abc4c7e0f3543c0577d356da6bf763aa9742d6	5442776133430671899	194110656	1535877879	1141798165	2096238090	564314643	141461911
pilot	rank.R2.n80.p4.q6.three-column.alternative	112	8763709267433876725	799ef3258831ecf552fef9c50438d31b1c9d27371de2b7ec33ca69b1a3bb69d1	5331528647801168424	1693336231	432105567	1788380215	1487907038	1355100499	1981556639
pilot	rank.R2.n80.p4.q6.three-column.alternative	113	4959085278782067744	c4d235c964ac9420d1b7a6e80ac1a243d541a07ba28230bcc52550d01a46028f	-8751596887706117263	658007659	705093347	1891523472	1899107849	545828695	395302259
pilot	rank.R2.n80.p4.q6.three-column.alternative	114	3693730792940688999	3342c4960126d6675560d285f2798d4d03a5413665160f426a05f3e0f9f51644	2052784599703589705	1818684572	1061582776	1946939943	1489295610	1971490064	1739555489
pilot	rank.R2.n80.p4.q6.three-column.alternative	115	9083021730402101676	7e0d6023cfc569ac1dc1afd4ad56eb6def5d1920f42ad8d0299c6802af483443	7043587830087480849	570844517	1207957776	651179247	1824861255	1271121245	1366801201
pilot	rank.R2.n80.p4.q6.three-column.alternative	116	2965364975416329952	292717bbe51346e0b87ed980e3eaedd311984ff0fdb45229a88ccc9b0a12c10b	5505862971025229506	1160403993	1522102676	623602302	165828778	1712782900	1960418743
pilot	rank.R2.n80.p4.q6.three-column.alternative	117	1624905369864471192	968cd2d3246582981328b8cee8fd3084d7f7e9cc7e15bfaf6083192282566010	8314000335669478923	185007706	1463919942	1637215113	1910308237	783587335	924377447
pilot	rank.R2.n80.p4.q6.three-column.alternative	118	194640269359263226	02b3804b32252dfab879f445f26ab90d63077c0e040f8f6c055b3378778bfbdf	-6896985351182462820	1113907144	1995342823	1287029257	962351490	9638285	1810458016
pilot	rank.R2.n80.p4.q6.three-column.alternative	119	4583653753612421633	bf9c68cdbd744a01972ab09ee1e3c3fff1398f26dfdbeaa99270b160dbea2dab	941267865834702152	2092997407	1889928699	63767252	119577270	1911712167	39489431
pilot	rank.R2.n80.p4.q6.three-column.alternative	120	4628652228756642083	403c46adabdc1923afd1f614de93d239f89808a77859f5758b5c840bc3bf839a	8303822211737747358	1750152988	1450456224	2133124927	828889650	1432559396	1496766584
pilot	rank.R2.n80.p4.q6.three-column.alternative	121	6818260962887903691	de9f543896d8a9cbd3577926d18d2e55bd9cf1c4f14fb4a8f80526f4e4981213	6212020762848509592	1284466796	2057391153	1679412506	886083399	486784484	272862957
pilot	rank.R2.n80.p4.q6.three-column.alternative	122	4876427570537306293	43ac8d09facc18b5f5a6b56753b3fa0093f6930a873c613d904e2e7ebc345ec3	-1503954696042515201	431926426	1960799037	33837989	653111857	1713554018	323101156
pilot	rank.R2.n80.p4.q6.three-column.alternative	123	5566978705208671575	4d41e1a324207d57d97b0b9af197f9d95136ccee8b71b70ef0c89497ad7b65a0	4650702099320438951	855733116	740880240	373922192	1489237198	2039866804	1048188650
pilot	rank.R2.n80.p4.q6.three-column.alternative	124	856676493220408092	8be386bb51d46b1c4e2f6c2c98b03c76429db722cfc9d3f1ac4a9ce127140057	8006816762569687953	1923481791	838575127	2070759005	156974728	310482540	545569108
pilot	rank.R2.n80.p4.q6.three-column.alternative	125	6563535847526135683	5b165d140656778344e5aec0806b148cb9854679b3e14a33556ae1c62afb2bf7	4624366144851910383	829029641	207939988	689118913	401711239	414770312	292615966
pilot	rank.R2.n80.p4.q6.three-column.alternative	126	2048288289557978041	1c6cfb58d8b21bb9135d046deddecd373f59fb26b1f7874606a7cc47afce1f13	8728138443042184256	859500386	484395582	1169727006	1481856646	1096160036	695410109
pilot	rank.R2.n80.p4.q6.three-column.alternative	127	6551815375641600498	5aecb95f030f61f21fc5c409577876c44872b379ae1387f2d2aa5fbfc05c0788	-5850599457769893870	34304636	1678696888	209975527	1282640174	1346903769	992216415
pilot	rank.R2.n80.p4.q6.three-column.alternative	128	4252754837545541552	3b04d1fe20b9dfb0306913abdc83d6fbe26f989bb359f3517940b1e58f50374b	815701291198367272	268079922	1363819761	57796466	143689673	1442274046	588757155
pilot	rank.R2.n80.p4.q6.three-column.alternative	129	7457679702775897337	677f002d5c991cf99197a78eb720cd71252065edc1b3e62c07edb72570b8cfde	-5510873643372552459	1773747485	249453106	1966769418	1992374814	179024319	1021678880
pilot	rank.R2.n80.p4.q6.three-column.alternative	130	1795481270386186254	98ead4b3da3c580e6defd658df28132a909f00195381def12d736f74700d332e	-8453516891484691268	914174957	375145173	74808401	1256291391	1165910799	904131104
pilot	rank.R2.n80.p4.q6.three-column.alternative	131	6012881331876765031	d3720bb6b7179d678085532fdc0712dcebe202d64cd966e47ae4e6cab62e2002	-6660439515227785860	2135299472	192381246	214644828	1785991211	1376550490	404466435
pilot	rank.R2.n80.p4.q6.three-column.alternative	132	2676918869029486508	a5265387490affac4d058d48ad5e8ef25b3104203a2e62cdded2c7873a2b1cf6	8336846068321052749	1833303545	161573264	187868383	1790590547	397552190	735695533
pilot	rank.R2.n80.p4.q6.three-column.alternative	133	6302217576527456093	d775f97eca24675d248f6968f1093bf3f003c7ed0219ee6f767cede2e5f8dc83	984336459765479956	474131768	1339162838	1047884574	1934011720	2006146952	1671328402
pilot	rank.R2.n80.p4.q6.three-column.alternative	134	6072624324145263678	54464ba60f13343e68c880c3575c6400e6bc547a6a7f9dd93d7fe90e2ed86e98	-2421898438857218708	1471582796	1775430240	1129087456	1213601911	627000463	576163619
pilot	rank.R2.n80.p4.q6.three-column.alternative	135	1356064421221793990	92d1b568077880c663e5b07c77ca531874c1db64d49e1bbcfa03c5fa9f64394c	5652686003199416069	1079290556	1898660919	2101022316	419099839	1773800523	952656910
pilot	rank.R2.n80.p4.q6.three-column.alternative	136	5519968485112938394	cc9ade175681ff9ac6d62a61a7d224356e4e7d7d4e1a4179c4e5148bb6ece750	5514210673847235645	1326236748	1477888186	1041072154	1032485808	275554036	1441546838
pilot	rank.R2.n80.p4.q6.three-column.alternative	137	1457009414751094203	14385657d8a385bb747c400439b8c5a98be7b471903105cfeee6f32fc3ecc16f	-2368807967974992704	1215081398	1244122563	1771904486	1497901822	59938194	152869634
pilot	rank.R2.n80.p4.q6.three-column.alternative	138	3796144589037280780	34ae9d6411969e0c11ee5af070b648530da187952a8a91cac9be3086c6be3ca3	-7979677740726509784	582686402	1536840564	571611252	665645270	495218452	635947075
pilot	rank.R2.n80.p4.q6.three-column.alternative	139	8482589811745365144	f5b8367db86e1c98172ba6cd7726514eb3afb3d4330902e2b0dfaa58dd63a8e9	-7307874570341555214	702540617	2010745536	2015593648	662079236	1545411146	101116318
pilot	rank.R2.n80.p4.q6.three-column.alternative	140	6869435739984531197	df552368e1268efdb985580400810414d75e5fa40b8bf83317ac953f54c6260a	-572664531579346836	671857466	28996096	432724336	310739480	165453097	1765708740
pilot	rank.R2.n80.p4.q6.three-column.alternative	141	7914149044743472275	6dd4b4a00f6e849372f010c7cc79e72be83ed0253bb47a5dde16396265e56b04	-1448394673954589419	1127369993	1844098533	1812934505	1544502884	819316968	639392376
pilot	rank.R2.n80.p4.q6.three-column.alternative	142	6464125984400554814	59b530559b913b3ea8ded9e0519c9990f4de3144b353d1b9221942bc688344e5	-6442821142064292905	1250935202	1749421443	997894328	17355644	374040491	635192370
pilot	rank.R2.n80.p4.q6.three-column.alternative	143	8488782574452001470	f5ce36c6a5bccabe9364543750a60bc91efbb4556539b90e27f461fee538b44c	-2582198849582204214	73881614	1106821929	881630366	1494256357	706423249	983962495
pilot	rank.R2.n80.p4.q6.three-column.alternative	144	6441964380346064002	59667479123f1c82ecda195a12ead73690457446075afe5abdfeba8a0d1db014	-6310428552703374717	603126708	1555900298	85766867	2097906763	724875674	993132818
pilot	rank.R2.n80.p4.q6.three-column.alternative	145	7183669026421852290	63b184eb37d9c8828b65fcf7ac9e08c5093b3654a7ba3a10bd1d3387cb62ef64	-4188353772279794524	2100463119	2006117539	16785048	139720815	878170897	1922171967
pilot	rank.R2.n80.p4.q6.three-column.alternative	146	4927831118726222516	44632c4b30cad2b4efcb1f8683c9642ead539fb044d3b58f46e9ee42e45fe769	-8016735093509036668	1953134512	568916661	29876639	385190921	1885328906	1080288740
pilot	rank.R2.n80.p4.q6.three-column.alternative	147	4793042849819188871	42844f13c8b2de8758265721b3b1384fb0bfb3495c5a87b80a50638ebe1b65d1	-6125864253630430703	616223926	1385125042	1644647497	1756280881	2056499471	395585852
pilot	rank.R2.n80.p4.q6.three-column.alternative	148	5536379370193381906	4cd52bb4462d6a120a82c3a1b72197e6a8c5d468455ee2b47e10c78b47f18aaa	-4806422169194029927	1560352892	308033694	381311554	2034106867	1653724711	1694408386
pilot	rank.R2.n80.p4.q6.three-column.alternative	149	8909883120425527914	7ba6437dcf366a6a151f7151f9ec0ae390d5cb6cbabccf81cf6beaa9f9bd4cfa	8902874714422612255	1178150733	255056601	1103725246	2082905405	754268608	1465196332
pilot	rank.R2.n80.p4.q6.three-column.alternative	150	7143703499072255988	e323887bc2eab7f48a9947849207d431c1297004853f1c908c6624d26b63d728	7738513053616652451	1877279654	1252265	798348024	327522473	132199848	632016462
pilot	rank.R2.n80.p4.q6.three-column.alternative	151	2014794984594765420	1bf5fd5d1802766cf9eb9f67d532517754b899a0a57af79275912bbdd0ca4413	4781418121315340186	1947892609	333563409	431970390	308819628	542546429	630462876
pilot	rank.R2.n80.p4.q6.three-column.alternative	152	636163471068525228	88d41b4e701e72ac73407044c4df2e76fb42962cbd5129bef53c7978100d6ed7	-5701014167670629788	1297749277	6565421	1742930450	412857559	1475039340	2102705876
pilot	rank.R2.n80.p4.q6.three-column.alternative	153	2846547768331471993	a780f81d17940c798de655ffa69ecccbb28c6ad11e8f2263f4296d1f2abdebcf	8738726885066010744	1932402950	824424696	869538195	1469506015	882708432	1864851701
pilot	rank.R2.n80.p4.q6.three-column.alternative	154	3768130506352779519	b44b16bb2a7860ffd343816dbd72ba7cedc761fa7c47cb0c61f4fedd60d81ecc	-5380115702456351622	1262000311	660412397	609464358	413382548	2063532560	901138337
pilot	rank.R2.n80.p4.q6.three-column.alternative	155	331803118455253848	049acd2da2e46b58bc84629d535d5ed0fbaf0db08475744bb7642ed49be3945b	-5926151592336268843	568040206	599455256	839365667	102861173	917145122	1554555562
pilot	rank.R2.n80.p4.q6.three-column.alternative	156	1063980129310897685	8ec4044a57a676158072f38ff611e951f2911e7e5d2466fd6ab639e82500cc15	7738214202086552318	219618070	1614093982	541347442	437471328	717617345	1483161250
pilot	rank.R2.n80.p4.q6.three-column.alternative	157	14803062603060828	0034974e980b165cb13d410c85c543d26ed2785835e167ed4be6c5c2ee8cd952	-7904889610566039353	489412414	1851443409	482134489	2008821071	766223211	941998042
pilot	rank.R2.n80.p4.q6.three-column.alternative	158	5142464009106255579	c75db3c535026edb8bd4031e3048257cc3d8b3819df3dd4fb82eb6e0a082bd45	-3597785003524831263	1242520931	1913093855	247941758	1183401961	809393851	35762238
pilot	rank.R2.n80.p4.q6.three-column.alternative	159	5339389821538637681	ca1952c0de2597717715725bc502dd6d40697195b7ec56dbad098a001d705f84	3921819773729644561	362075303	355349241	75702031	1365784123	465219201	1847954475
pilot	rank.R2.n80.p4.q6.three-column.alternative	160	7572456815451117122	6916c55a61f31642d2866742cde0e7b70378ae7912bce205db824a3d3e78caba	3035896530152358973	2044194050	1524884540	330497600	1861700028	1316123032	2026820153
pilot	rank.R2.n80.p4.q6.three-column.alternative	161	8857509213968970245	7aec31b3755eb205e3e23ba30a7dd5c922ea0553a48c8702e0bec9b0b1be331b	-1661388272643242516	1353610396	1245319355	445363455	824957444	1876548801	1973817967
pilot	rank.R2.n80.p4.q6.three-column.alternative	162	7671892310546067968	6a780968b526320082e8eaffd12468bf1cd8abbdbca1b9aa2d8b8d9e0a0e0b65	-9101985371746380546	389046888	1977457680	1243076336	1966847804	1790688617	846682573
pilot	rank.R2.n80.p4.q6.three-column.alternative	163	8092138908454080838	704d0d769785d1461866f6cd12c507f31a98abd54fe591701f0fd7b5c0b30cce	4928682687640983591	1570834833	1019686374	1553555088	331184302	1857127029	1249379975
pilot	rank.R2.n80.p4.q6.three-column.alternative	164	4446001690041370488	3db35efb2db3c7788e10fadfef96c9120819a733d10eedd819841e4c4d67ecda	5047179997470700129	995915383	998802594	1859410348	1560921752	1485857940	1694398702
pilot	rank.R2.n80.p4.q6.three-column.alternative	165	3737944861225043809	b3dfd90bfb50c761f175720867064e474694f42f2cd2c902330ac9e2c46a823a	-1074521876080783474	604761843	549227408	60789870	157941228	1345034492	615206142
pilot	rank.R2.n80.p4.q6.three-column.alternative	166	8660563648777455377	783080c0c00a87113e3ba263a93c32bd2361e33ec27ccd36b8f909760583a442	-4164809822365734747	1990605999	1243966429	1192732024	371947821	1948022989	751339713
pilot	rank.R2.n80.p4.q6.three-column.alternative	167	4352304801827218444	3c667e286323640cdd67b8accac76a14749167786981e23f3b13b7d0e5ab727c	-6605253304519419519	211234826	1195586938	300804318	1738261108	1639480385	488965304
pilot	rank.R2.n80.p4.q6.three-column.alternative	168	673548985661280852	8958ed3bdd2a5254ebec6b7475580cf419c20212f1dd37628db8d7846163e250	-9193850546901942234	1195877329	1427687784	1229309494	799615266	1278879279	1950619749
pilot	rank.R2.n80.p4.q6.three-column.alternative	169	6979638770768743209	e0dca87b78370b2973fd1f6a1906a6b63c216039fbc0bda100b21586465dbfe9	-3669216393790128374	231494201	921728630	418106118	1191790400	1421476819	787926536
pilot	rank.R2.n80.p4.q6.three-column.alternative	170	2843189787009740926	a7750a0c23bbf07eccfb45cca9f392260e5b3053918ded61e2b7e0505d8366b3	-7918377083949478388	1062300652	2089608499	1575104638	972812080	1113386279	823885878
pilot	rank.R2.n80.p4.q6.three-column.alternative	171	4258680812372836985	bb19dfa2a9414279866480b9f5588bce8e9f65da3230a31f9deededff42e8cde	7708959177251458141	175101846	754182070	638134228	758666898	550799076	1659354456
pilot	rank.R2.n80.p4.q6.three-column.alternative	172	1073284803152338733	0ee512d78ab85f2d8cb1530669a99831cd690e5f0a91346adef21cd0bf5f4015	8703649113404408380	2015773606	1221352972	1711510478	253804066	1220687318	1142325703
pilot	rank.R2.n80.p4.q6.three-column.alternative	173	1103970675245940071	8f52177ae47b7d67a21f2f0fc1fa6d8382d52b0a31abd8e75cfcedfba1cf15bf	1538466988239599938	1132269154	2095013270	1504930563	357202631	1091218435	1437947295
pilot	rank.R2.n80.p4.q6.three-column.alternative	174	6490046043926303389	5a11467dc028129de6df49a43803371f0467f537d3f705002a3af4992693f09d	8289998201523046290	943745684	227277055	114963251	1055833991	1245713324	2088707478
pilot	rank.R2.n80.p4.q6.three-column.alternative	175	5975732667270961584	52ee1133396219b01d1032c189fddf832add39a76ce1e9b5ab7e6b3007c7e563	1687101903148197649	207700150	1524545160	1154654126	441066463	1664431585	1709703760
pilot	rank.R2.n80.p4.q6.three-column.alternative	176	3925127380414790930	3678da8e67c87d12b56e018078bfb95acc0107bb3f742e34f86935cc0ba3d806	-5915357040668815033	515824600	1180252879	138277075	1139766090	1946984577	1654791944
pilot	rank.R2.n80.p4.q6.three-column.alternative	177	2969964302945986831	a9376ecc48afa90f50d2b73ac1683f8991620e19da1be73822f63ccd93031fe1	-4373191628190357820	369150434	1882134822	1705775498	1142188851	556509699	1375535425
pilot	rank.R2.n80.p4.q6.three-column.alternative	178	6242967623550469863	d6a379fa19fd86e7f7083f5facb80eddfa8296dedfaa2cc52eda2f503ec43d5a	-7768134193832894015	53843390	1173261079	1045486672	1177477790	1282967897	1933002262
pilot	rank.R2.n80.p4.q6.three-column.alternative	179	4507039520915021221	be8c3890a0c95da54f90796c25894c9730a15a3a80dc96b76b2548db9a3ccb10	-7154192396948338647	1151706430	2007834658	20645385	947163291	403951832	1552853041
pilot	rank.R2.n80.p4.q6.three-column.alternative	180	3564886980738488734	317905d24755199e5f5683007fd9416bd9062c38673f1f5ed5badd9588d0f488	4525505081472789968	2062917177	1495817504	694592022	627059002	1802551622	1541405880
pilot	rank.R2.n80.p4.q6.three-column.alternative	181	7122632999138929952	62d8acf9b326ad20c1f5dccb0eda6f41d9fd93d95b08382c52c21dd9b289c4d8	3051230854183346634	361627753	1217427052	154178025	13884128	1545503980	715504776
pilot	rank.R2.n80.p4.q6.three-column.alternative	182	8378506735726752721	74466f7c2335f3d111f16df08545fadf822213dfaca56b3c5089c193f26354c8	-8357045915509668724	106952320	1370826189	1628832479	871492502	276735143	1695806790
pilot	rank.R2.n80.p4.q6.three-column.alternative	183	4754645158128646907	41fbe4948349fafbf4464d92745cd5b765c6cce739924881876eaed6aa76d73e	-2339587384871928303	1492681228	825112997	194075335	1221875722	194667931	1716522711
pilot	rank.R2.n80.p4.q6.three-column.alternative	184	5796248009274127745	507068dac6d97581d0ce89c401d69fa634bd6de88998d52b23081dc3a51c88c2	4127775117580686447	320798103	1706831033	193346524	780187142	2046040011	1053838650
pilot	rank.R2.n80.p4.q6.three-column.alternative	185	2343105118567775163	a08461b0e7a1bbbb1e6d653db15ca3900d4236d57ff4a839ed96a2ba031a1f8a	8303155403278175982	51385246	1524260449	1420953423	1457030264	906338458	1598560179
pilot	rank.R2.n80.p4.q6.three-column.alternative	186	5764584863026277069	cfffeb640e466acd5b46bd3ca43d2fc7601929535db1b6bb43de5967092e870e	-5539268764080194341	1486790006	1124526802	468401837	1667189703	1357682801	44465664
pilot	rank.R2.n80.p4.q6.three-column.alternative	187	1289092355605702861	11e3c6aae28ca8cde0c1dd91791a3a23dc72645d7b7ff679c24ff7c68dbd2687	7103591601329087311	797086221	1467101437	1595685751	1031123477	1919518308	180569493
pilot	rank.R2.n80.p4.q6.three-column.alternative	188	5736074615738993260	cf9aa178d4420a6c9e3af2709aedd9ce1a7559e493e1560bd6290403cecaa557	-7977115039755410885	130510826	907866760	392188418	1350944746	2103037271	930834126
pilot	rank.R2.n80.p4.q6.three-column.alternative	189	2942816196541501543	28d6fbbd321f506763338af31fd5a2d2f1ffcb5c414d6cd66472ce335ea4f5f5	6718040733668220975	911135589	1425222582	719381856	1507387494	2129094026	772393723
pilot	rank.R2.n80.p4.q6.three-column.alternative	190	3005731685517359535	29b6810afd65f9afcb4cbb3af0e81464e006a65e87fb4ddc1721bcdedbdecf8f	7372729466102248130	1011582963	1479711077	44352857	1461211566	1795113442	1296793647
pilot	rank.R2.n80.p4.q6.three-column.alternative	191	4531357062933753337	3ee29d3d969fadf9bd03daee14fe3b4e64e0fa5ca2c130975c093b9bff09e0e0	1007231316735635880	1107006111	1598549115	1864821399	2134049836	899474058	1311993283
pilot	rank.R2.n80.p4.q6.three-column.alternative	192	5979277936005609573	52faa99a6cf1f865764987bca96ad7a0eef88b8cc8a979d3a5d77e86e48dfc25	9105984774392975442	1661706318	355929211	1262045282	1423822820	1404508165	67729383
pilot	rank.R2.n80.p4.q6.three-column.alternative	193	3914973734447757367	b654c7de7abe3837a337cc4e3aeba70b556afe19ca6d12d9ea7472fab6dd1b1e	-4123780380817582152	1949963802	1705701941	833723360	837601204	433176000	354904917
pilot	rank.R2.n80.p4.q6.three-column.alternative	194	6727999667989045353	5d5ea80d336ee069b7ede7dc441f1d9732e162cdeaf9cdb98a4a0b6094b8371d	-1930769610182161479	2144604255	743249793	1580978419	1272315106	862824886	381199032
pilot	rank.R2.n80.p4.q6.three-column.alternative	195	103107395763221788	016e4fa1522eb51cb12a050d177080629e1d4022fafdbd6b8f283fedb6f994cb	-4998207879874917564	672669607	1965982927	1837452712	636584757	1397425035	96058344
pilot	rank.R2.n80.p4.q6.three-column.alternative	196	8333735098804873412	f3a75feb187828c4d11531b0bf294613c234f64073881236f28939ce3b44e967	366217735366855322	1860367305	861741109	1026419344	1425336872	151215157	561421383
pilot	rank.R2.n80.p4.q6.three-column.alternative	197	6129269474989233368	550f8a1cfd60d4d87e278711b04e577ec23340df32e0f16f1fdbd1fe30f0384e	4395096136652037676	1912014842	741882146	1127272803	725738491	1023902754	1487206548
pilot	rank.R2.n80.p4.q6.three-column.alternative	198	3472110260779755901	b02f69e2dac4297d47efa529e05ebad99e513394e1677f65f1383aae9b999644	5945675787409972696	1217854882	763196289	503625122	562927778	383159127	1135394737
pilot	rank.R2.n80.p4.q6.three-column.alternative	199	8632930572624680269	77ce549dd7e7554d84d77a3d5316ff06460d645257cb575d79b4167ab9c4a5a5	5204106161407866234	1431588096	1440405962	916826606	1127561132	1156488544	302884002
