platform	cell	orthogonality	projector	nuisance	compact_roots	compact_observed	original_space_roots	original_space_observed	action_statistics
JVM	rank.R3.n80.p4.q6.intercept.alternative	1.77635683940025e-15	1.88737914186277e-15	5.32907051820075e-15	1.66533453693773e-16	5.55111512312578e-17	5.55111512312578e-16	1.38777878078145e-16	1.66533453693773e-16
JVM	rank.R3.n80.p4.q6.intercept.null	1.77635683940025e-15	1.88737914186277e-15	5.32907051820075e-15	2.77555756156289e-16	1.99840144432528e-15	6.66133814775094e-16	9.99200722162641e-16	9.15933995315754e-16
JVM	rank.R3.n80.p4.q6.three-column.alternative	1.11022302462516e-15	7.7715611723761e-16	3.76781938982163e-15	5.55111512312578e-16	2.22044604925031e-15	4.44089209850063e-16	2.88657986402541e-15	9.99200722162641e-16
JVM	rank.R3.n80.p4.q6.three-column.null	8.88178419700125e-16	6.66133814775094e-16	2.34534613952064e-15	1.11022302462516e-16	1.33226762955019e-15	2.08166817117217e-16	6.66133814775094e-16	8.88178419700125e-16
JVM	rank.R3.n80.p6.q4.intercept.alternative	1.77635683940025e-15	1.88737914186277e-15	5.32907051820075e-15	3.33066907387547e-16	1.11022302462516e-16	2.22044604925031e-16	1.66533453693773e-16	1.88737914186277e-15
JVM	rank.R3.n80.p6.q4.intercept.null	1.77635683940025e-15	1.88737914186277e-15	5.32907051820075e-15	4.9960036108132e-16	2.77555756156289e-16	3.33066907387547e-16	7.7715611723761e-16	6.66133814775094e-16
JVM	rank.R3.n80.p6.q4.three-column.alternative	8.88178419700125e-16	7.7715611723761e-16	2.67494359995624e-15	6.66133814775094e-16	3.33066907387547e-16	6.66133814775094e-16	6.66133814775094e-16	1.49880108324396e-15
JVM	rank.R3.n80.p6.q4.three-column.null	5.55111512312578e-16	7.7715611723761e-16	2.50841014626246e-15	2.77555756156289e-16	3.33066907387547e-16	2.77555756156289e-16	2.4980018054066e-16	3.33066907387547e-16
JVM	rank.R3.n160.p4.q6.intercept.alternative	1.99840144432528e-15	5.32907051820075e-15	3.08485875732956e-14	4.9960036108132e-16	8.88178419700125e-16	4.44089209850063e-16	8.88178419700125e-16	5.55111512312578e-16
JVM	rank.R3.n160.p4.q6.intercept.null	1.99840144432528e-15	5.32907051820075e-15	3.08485875732956e-14	1.66533453693773e-16	1.11022302462516e-16	3.88578058618805e-16	3.33066907387547e-16	4.44089209850063e-16
JVM	rank.R3.n160.p4.q6.three-column.alternative	9.99200722162641e-16	1.11022302462516e-15	3.40087666291393e-15	3.33066907387547e-16	2.63677968348475e-16	2.22044604925031e-16	6.10622663543836e-16	4.44089209850063e-16
JVM	rank.R3.n160.p4.q6.three-column.null	1.11022302462516e-15	8.88178419700125e-16	2.77498603671479e-15	8.88178419700125e-16	8.88178419700125e-16	2.22044604925031e-16	2.22044604925031e-16	1.27675647831893e-15
JVM	rank.R3.n160.p6.q4.intercept.alternative	1.99840144432528e-15	5.32907051820075e-15	3.08485875732956e-14	8.32667268468867e-16	2.77555756156289e-16	2.22044604925031e-16	1.2490009027033e-16	3.33066907387547e-16
JVM	rank.R3.n160.p6.q4.intercept.null	1.99840144432528e-15	5.32907051820075e-15	3.08485875732956e-14	1.2490009027033e-16	6.66133814775094e-16	2.22044604925031e-16	1.99840144432528e-15	1.11022302462516e-15
JVM	rank.R3.n160.p6.q4.three-column.alternative	1.22124532708767e-15	1.11022302462516e-15	6.66307287122692e-15	3.33066907387547e-16	4.44089209850063e-16	8.88178419700125e-16	1.66533453693773e-16	6.66133814775094e-16
JVM	rank.R3.n160.p6.q4.three-column.null	8.88178419700125e-16	1.11022302462516e-15	4.27615872493067e-15	3.88578058618805e-16	7.7715611723761e-16	6.10622663543836e-16	3.33066907387547e-16	1.11022302462516e-15
JS	rank.R3.n80.p4.q6.intercept.alternative	1.77635683940025e-15	1.88737914186277e-15	5.32907051820075e-15	2.22044604925031e-16	7.7715611723761e-16	7.7715611723761e-16	6.66133814775094e-16	4.9960036108132e-16
JS	rank.R3.n80.p4.q6.intercept.null	1.77635683940025e-15	1.88737914186277e-15	5.32907051820075e-15	1.66533453693773e-16	5.55111512312578e-16	5.55111512312578e-16	7.7715611723761e-16	6.66133814775094e-16
JS	rank.R3.n80.p4.q6.three-column.alternative	6.66133814775094e-16	6.66133814775094e-16	4.96824803519758e-15	2.22044604925031e-16	1.11022302462516e-15	4.44089209850063e-16	1.11022302462516e-15	1.99840144432528e-15
JS	rank.R3.n80.p4.q6.three-column.null	7.7715611723761e-16	9.99200722162641e-16	1.59450900865322e-15	5.55111512312578e-17	5.55111512312578e-16	1.66533453693773e-16	1.11022302462516e-16	3.33066907387547e-16
JS	rank.R3.n80.p6.q4.intercept.alternative	1.77635683940025e-15	1.88737914186277e-15	5.32907051820075e-15	6.66133814775094e-16	1.38777878078145e-16	5.55111512312578e-16	7.7715611723761e-16	1.95676808090184e-15
JS	rank.R3.n80.p6.q4.intercept.null	1.77635683940025e-15	1.88737914186277e-15	5.32907051820075e-15	4.44089209850063e-16	8.88178419700125e-16	5.55111512312578e-16	1.4432899320127e-15	5.55111512312578e-16
JS	rank.R3.n80.p6.q4.three-column.alternative	1.11022302462516e-15	8.88178419700125e-16	2.58390057953757e-15	2.22044604925031e-16	1.11022302462516e-15	4.44089209850063e-16	1.11022302462516e-15	5.55111512312578e-16
JS	rank.R3.n80.p6.q4.three-column.null	1.11022302462516e-15	1.11022302462516e-15	3.16760506713365e-15	1.94289029309402e-16	2.22044604925031e-16	1.66533453693773e-16	2.22044604925031e-16	5.55111512312578e-16
JS	rank.R3.n160.p4.q6.intercept.alternative	1.99840144432528e-15	5.32907051820075e-15	3.08642000845794e-14	4.9960036108132e-16	7.7715611723761e-16	3.33066907387547e-16	7.7715611723761e-16	6.66133814775094e-16
JS	rank.R3.n160.p4.q6.intercept.null	1.99840144432528e-15	5.32907051820075e-15	3.08642000845794e-14	4.44089209850063e-16	6.66133814775094e-16	3.88578058618805e-16	4.44089209850063e-16	6.66133814775094e-16
JS	rank.R3.n160.p4.q6.three-column.alternative	1.11022302462516e-15	9.99200722162641e-16	7.40726924242097e-15	1.94289029309402e-16	1.11022302462516e-15	2.22044604925031e-16	6.66133814775094e-16	7.7715611723761e-16
JS	rank.R3.n160.p4.q6.three-column.null	1.33226762955019e-15	1.196959198424e-15	6.35255736902707e-15	8.88178419700125e-16	2.22044604925031e-16	7.7715611723761e-16	2.22044604925031e-16	2.77555756156289e-16
JS	rank.R3.n160.p6.q4.intercept.alternative	1.99840144432528e-15	5.32907051820075e-15	3.08642000845794e-14	6.10622663543836e-16	3.33066907387547e-16	3.88578058618805e-16	2.77555756156289e-16	4.44089209850063e-16
JS	rank.R3.n160.p6.q4.intercept.null	1.99840144432528e-15	5.32907051820075e-15	3.08642000845794e-14	3.33066907387547e-16	6.66133814775094e-16	3.33066907387547e-16	1.33226762955019e-15	8.88178419700125e-16
JS	rank.R3.n160.p6.q4.three-column.alternative	1.11022302462516e-15	1.33226762955019e-15	6.58154086785601e-15	6.66133814775094e-16	7.7715611723761e-16	1.22124532708767e-15	7.7715611723761e-16	3.88578058618805e-16
JS	rank.R3.n160.p6.q4.three-column.null	9.99200722162641e-16	1.11022302462516e-15	2.96263037544253e-15	8.32667268468867e-17	3.60822483003176e-16	2.77555756156289e-16	4.44089209850063e-16	2.77555756156289e-16
