tau,b1
0,0
0.25,6.3378969976514064e-06
0.5,0.00015795069263349593
0.75,0.00093412330986301852
1,0.0030656620097151326
1.25,0.007286193766768913
1.5,0.014119955434439757
1.75,0.023768055464992711
2,0.036089408297886365
2.25,0.050648750770103682
2.5,0.06680093314708585
2.75,0.083786149740970192
3,0.10081872239396775
3.25,0.11715952962338787
3.5,0.13216804216517863
3.75,0.14533396851171787
4,0.15629094533107118
4.25,0.16481589211305092
4.5,0.17081796213988151
4.75,0.17432078535638645
5,0.17544116219546385
5.25,0.17436670823220651
5.5,0.17133428383021193
5.75,0.1666104392795367
6,0.1604745984542893
6.25,0.15320530361562773
6.5,0.1450695470015618
6.75,0.13631500953174497
7,0.12716489793477329
7.25,0.11781500277163308
7.5,0.10843257608874882
7.75,0.099156635620480216
8,0.090099331690725648
8.25,0.081348054645375784
8.5,0.07296800828974434
8.75,0.06500502372363165
9,0.057488434962452054
9.25,0.050433880779192829
9.5,0.043845935163408428
9.75,0.037720501186741535
10,0.032046929863623355
10.25,0.026809847078676174
10.5,0.021990688283623498
10.75,0.017568953011426143
11,0.013523199918010272
11.25,0.0098318086429960479
11.5,0.0064735378498449606
11.75,0.0034279098845035978
12,0.00067545204475492773
12.25,-0.0018021771154409629
12.5,-0.0040221503669952575
12.75,-0.0060005000270444151
13,-0.0077521916664017171
13.25,-0.0092912263108724524
13.5,-0.010630757234921229
13.75,-0.011783210360686209
14,-0.012760399940664992
14.25,-0.013573633572469492
14.5,-0.01423380264488432
14.75,-0.014751456039818558
15,-0.015136856322163416
15.25,-0.015400018756922474
15.5,-0.015550734325412423
15.75,-0.015598578499685087
16,-0.015552907908972456
16.25,-0.015422847227056702
16.5,-0.015217268657543959
16.75,-0.01494476632592192
17,-0.014613627731408684
17.25,-0.014231804193406049
17.5,-0.013806881969067835
17.75,-0.013346055438953895
18,-0.012856103472527478
18.25,-0.01234336980677922
18.5,-0.011813748009013397
18.75,-0.011272671355666839
19,-0.010725107747490071
19.25,-0.010175559600067031
19.5,-0.0096280684984035563
19.75,-0.0090862242847686934
20,-0.0085531781586946961
20.25,-0.0080316593048413848
20.5,-0.0075239945256014035
20.75,-0.0070321303378448104
21,-0.0065576569939135229
21.25,-0.0061018339027166793
21.5,-0.0056656159544933703
21.75,-0.0052496802896366207
22,-0.0048544530952973706
22.25,-0.0044801360609805461
22.5,-0.0041267321739822784
22.75,-0.0037940705855829897
23,-0.0034818303279925229
23.25,-0.0031895627090157419
23.5,-0.0029167122554102968
23.75,-0.0026626361163228696
24,-0.0024266218746080686
24.25,-0.002207903746029746
24.5,-0.0020056771742460989
24.75,-0.0018191118531416749
25,-0.0016473632276457371
25.25,-0.0014895825398981897
25.5,-0.0013449254997776323
25.75,-0.0012125596677142352
26,-0.0010916706437173337
26.25,-0.00098146716000605981
26.5,-0.00088118517589047237
26.75,-0.00079009107294850383
27,-0.00070748404640101181
27.25,-0.00063269778520109142
27.5,-0.00056510152899688008
27.75,-0.00050410058504421484
28,-0.00044913638255346557
28.25,-0.000399686136042461
28.5,-0.00035526218319638023
28.75,-0.00031541105664180646
29,-0.00027971234303788114
29.25,-0.00024777737706275897
29.5,-0.00021924781229864981
29.75,-0.00019379410574633081
30,-0.00017111394776742812
30.25,-0.00015093066468399566
30.5,-0.0001329916170727092
30.75,-0.00011706661297867965
31,-0.00010294635183715139
31.25,-9.0440911819727302e-05
31.5,-7.9378290600075726e-05
31.75,-6.9603007143602175e-05
32,-6.0974770045129023e-05
