event_index,run,onset,cond
1,1,4.3,A
2,1,13.1,A
3,1,16.6,B
4,1,34.1,A
5,1,51.7,B
6,1,56.2,A
7,1,62.8,A
8,1,69.4,B
9,1,76.6,B
10,1,83.2,A
11,1,92.2,B
12,1,98.7,B
13,1,114.5,A
14,1,118,B
15,1,121.4,A
16,1,125.9,B
17,1,129.9,B
18,1,135.4,B
19,1,139.5,A
20,1,148.9,A
21,2,12.1,B
22,2,18,A
23,2,27.3,A
24,2,33.4,A
25,2,37.5,B
26,2,42.2,B
27,2,46.2,A
28,2,52.4,A
29,2,56.8,B
30,2,64,B
31,2,68.7,A
32,2,73.1,A
33,2,76.4,B
34,2,88.4,B
35,2,97.3,B
36,2,108.8,B
37,2,123.6,A
38,2,129.3,B
39,2,143.1,A
40,2,147,A
41,3,6.9,B
42,3,11.2,A
43,3,14.7,A
44,3,20,A
45,3,27.8,A
46,3,37.4,A
47,3,43.3,A
48,3,47.2,B
49,3,52,B
50,3,58,A
51,3,77.7,B
52,3,82.4,B
53,3,89.7,B
54,3,94.4,B
55,3,99.9,A
56,3,123.1,B
57,3,128.1,A
58,3,133.1,B
59,3,137.6,A
60,3,143.9,B
61,4,7.4,B
62,4,16.4,A
63,4,22.6,A
64,4,32.8,A
65,4,42.3,A
66,4,46.4,B
67,4,56.1,A
68,4,62.1,A
69,4,66.1,B
70,4,70.2,B
71,4,82.6,B
72,4,86.3,B
73,4,97.9,A
74,4,105.2,B
75,4,110.2,A
76,4,113.9,A
77,4,124.4,B
78,4,130.3,A
79,4,142,B
80,4,149.3,B
