v1,v2,v3
0.13183790122094236,0.15444307089526571,-0.46681345981623906
-0.98341347495591036,1.2932768749125867,-0.14217808973019103
0.23113342120831101,0.25921934739517538,0.25748005960229892
0.020492956239887054,0.66834083690168844,-0.010577260976391431
-0.14552731635820079,0.63963524457210286,0.41780532983103119
-0.063351042951020703,0.19552166268465793,0.10921225546036789
-0.56055466545935928,-0.4142942188662318,-0.085400179097943563
0.20247819147794549,0.51727089577599328,-0.75868742317713467
0.65037190452237637,0.2790698139602103,0.18953169582807317
0.32362222501453952,1.5260886138715124,0.94346272747314563
1.2937686134216353,1.4737670817466324,0.79976577550865391
0.30363054904337716,1.0831929932063618,0.77438658871459798
0.21497027516026768,1.4175352465701248,1.29181219312663
0.43771480670004775,-0.34374795730382468,0.36790786527040931
0.25131838698119752,-0.30263056243615738,0.55270122212226813
0.2828088824892302,-0.20394329933189517,-0.15561829325702786
0.40397705787299532,0.19476980405823835,1.073789843893644
0.14469158661961101,0.29834694120491428,1.1786366375249993
0.94261826924887038,0.86698686584678097,1.91347996150134
1.7683871917535332,1.2370754337004142,1.1787080466777939
1.4524093371067852,0.69136774863737505,0.54332112716010394
1.9297991771775673,2.1885423694416888,1.1359007551359674
0.33714248892728321,1.135263266900338,0.28499951966363302
0.41995234545283944,0.92427051500995827,0.16288449730735965
-0.093568179966290244,1.3775958971139552,0.5661624226257097
1.3966307703435661,0.87397238111009334,0.50708097752840586
0.50221566402563411,-0.31634606790502007,-0.11413175826900404
1.1071955788866059,-1.218212716388094,-0.43884162095719503
0.32937285951520318,0.033612159061054067,0.80397588250557039
-0.54499625672760987,0.23691319255984414,0.12044139388322911
-0.76014182438839517,-0.41001684481015066,-0.12210025124025695
-0.45741378515338721,-0.059201710164438801,-0.38040546422379418
-1.4121976798368268,-0.78229737696535762,-0.46941235384980995
-0.30751933756643118,-0.63100615032617524,0.67461433891074429
-0.77747047468948494,-0.63837032393119175,0.4679348683582602
-0.067260256878535804,-0.91044553173115383,0.082176260381617516
-0.21842967497534527,-0.18622107221476658,-0.35536636974518765
0.58561441204265141,0.4928443152783113,0.40256065509944206
0.6853369511226145,-0.17366565456848326,1.1641402017728297
0.75675455499964728,0.31591342605536687,1.6353522620573033
0.5531064587443818,0.39763207517158367,0.75224117039260763
0.52548352277147903,0.65695443404426268,0.95974072241095887
0.6732531753402331,0.9211256467962482,0.86791779812695935
0.3467815765100834,0.77422921094901664,0.15548211571795034
0.40080430632099784,0.32116981463860261,1.6282359337556183
0.16011409341653576,-0.6361848867684271,0.32085774080931867
0.10788575238384439,-0.84887798754092891,-0.21448948956025329
0.59132320536618932,-1.7077040460111295,-0.25181246056601686
0.45825238291188891,-0.36246955424632044,-0.73172825125186924
-0.034358075666130798,-0.28534492503911396,-0.72806256982090822
-0.47225134200113356,-0.031266253857827525,-0.14112785023530033
0.37647241051013114,1.0657315752725174,-0.84261346235733969
0.77235227786997596,-0.13967549124094628,-0.46654899150843521
-0.15591643897376717,-0.46234321785559257,-0.026845943777585039
0.27500585344893902,-0.50333315166208759,-0.82948448043526979
0.34319813616663658,-0.0078601381084537625,-0.93225898891670023
0.59164844305197128,0.57537472325845029,0.54297983432031915
0.95445337337756664,0.54275974402152694,0.87443955751976987
0.40919970066795519,1.3420619027769738,0.51208369607636595
1.7905552489681971,0.98097811910976818,0.98695345771952225
1.3967696138784829,1.9325398943956829,1.88118424633854
0.72783148887252769,1.1068725854893713,1.8523593004570535
0.31825868734586615,0.15074128318523616,1.8433576311046806
0.85989869843333355,1.0607614212680239,1.7617716388551332
0.91212619124700955,0.75318453399196317,1.8708065156594049
0.37058794660218358,0.25971998489944587,1.1012692381055487
1.7417139412205169,0.73247321597359316,1.5836421060860701
1.6943734830005086,1.5437180182327772,1.7335252896013398
1.2306708747674917,1.1998967699333702,1.2576588813068479
0.31713087259644146,1.3226026085689977,1.1278430763690483
0.12697906723423713,1.3571365716193702,1.2826796488288328
0.98221036846170373,1.1045955669470535,1.2201156380986011
-0.50245297944403555,0.38560004384390495,0.73424523416428578
-0.42370823752655795,-0.5083471454647791,1.1235278640172852
0.098709155416710825,0.098140167626293517,0.83363757035823749
-0.39298919496403967,-0.10227968492467132,0.7613906626367134
0.34078852812233879,0.71366396281461808,-0.28639737558182665
0.43401821229544157,0.35566698363470306,0.58117973760836539
0.1550532108770957,0.9277748461654125,0.91142898279087037
0.40463118239326856,0.75350800553689012,1.046238572615281
0.69351493494900951,1.6643827163366471,0.44436169280019272
1.0572101722662295,0.81318846177661386,-0.29099894624097067
0.94186332911399573,0.68942104204011034,0.89686666681637583
1.2191493174692394,0.26259402757028538,0.11281223748353997
-0.34731189351219682,0.51985336317872854,0.26338777494264048
-0.40664632040731996,1.6420559319805079,0.42968650133813013
0.63286118195694629,1.3612241374388612,0.63207953219130619
1.2356621542230279,0.63018247651265269,0.90298650335753439
0.51612872006604948,0.71704676567706205,0.38491717777212853
1.1099027979625211,1.7508261612717209,1.388729126686866
0.60654401571781735,1.5124056954281935,1.2593878582711224
0.1956372824747018,-0.35436216654004071,-0.29736442726038437
-0.16235221263457533,-0.76916606238166496,0.14514930504549639
0.18250216475763878,-0.46271265400896472,0.10448745661451771
-0.34914270564318561,-0.35080300345136545,0.077014499252988283
0.08130584306947769,0.095820464602812766,0.4791237389933285
0.078677442927624353,1.4341030161141268,0.54439583218964882
-0.29356713724060585,1.2312292626634593,0.42523844488132478
0.19651257252246163,1.2007992532503871,0.10165704813764626
0.27142138165747454,1.6537188356266004,-0.18956398233905181
0.2505149647083052,1.2006494853489498,0.21430153091849269
0.62596799200567987,0.69192846723483759,0.18406452381351476
0.18049952749645742,1.5153634398853897,0.0077557142517377109
0.95943474769977199,0.61062160212958305,0.82314816072653585
0.66272081851243891,1.141649112219371,0.1914615699106646
0.73980156954752896,-0.14098903088103842,0.28245296963218347
0.78701571323977837,0.13150857281116085,-0.04546950772206243
0.11036980938676025,0.54744752889081361,0.42982217261883121
0.094648407832010784,-0.19624552933761322,0.75438948113710613
-0.12684476031724784,0.18749385383548717,0.60079849959625287
0.18480416804618793,0.45709959573941145,0.054654654272917727
-0.30587445735456831,0.43569956900505136,0.30467497055067855
-0.55866746582265836,1.0255483301002131,-0.28722298467304308
-0.55938523480844127,0.43184092120420814,0.38966723179554486
0.050945376182153966,-0.3688629343669686,-1.0113590840136193
-0.54250827392057865,0.68201028290491683,-0.22313696398639915
0.10806853613862329,1.2155770473463694,0.94788515921651495
1.0009543756399832,-0.1808977543161141,1.201418853244633
0.25575496573033307,0.29388248109762505,1.2128081100704717
1.1881213892258256,1.0422091132379074,1.5324098124595666
1.6442918382438454,0.88668330283212127,1.2523091936086974
2.1563736856961055,0.7710646770431574,1.1615327226223013
1.6056706835387846,1.9241653563767045,2.1864893700963455
1.559163173461716,1.4216827091691984,1.5362034507106537
0.90653621453876831,1.0371745094307894,1.095401167815516
1.4174667100345264,1.3040141561830629,2.2692191527572354
0.62574372201902884,1.1406065041482834,1.3026171311717269
1.0474125780975674,0.56344084528921479,1.5908379249482392
1.1656564780956415,0.36531560186309081,1.0890310575023858
1.0651664131229941,0.28496341630750099,1.3234816467555868
1.4341830826869706,0.41940397272957575,1.9960727778475527
1.289553035607184,-0.0060918824650095793,1.0101022946851084
0.98072556722916038,0.77145142000740741,1.2486893474289735
0.39974338728626158,0.5925750845779254,0.50056535003294778
0.74572387274409369,1.6100567818912417,0.10068161277660737
0.50295858426413276,1.5738571856157924,0.048683171547437065
0.39194187463607427,1.3195739571214413,0.082416537332664297
0.025158116254195839,0.56834041830682214,0.55689269274474762
1.0863943433333454,0.75648124794451876,-0.12067669926641728
0.77892739548009304,0.89683586217252165,-0.9403087977838559
0.6660083968037942,0.85271395802723737,1.0219861516971309
0.77032155020169146,-0.60529618184697387,0.044026742368075578
0.83853397963022047,-0.13796644925151424,1.3333759726034216
0.36211971423845712,0.236289096007537,1.8587208659583894
1.0896016345026209,0.81856306115018673,2.3498932010160996
1.0588459488081798,0.62768464568482008,1.9316037190023736
1.362251337188467,0.96989874709583657,1.9367563752396126
1.4440359941640737,0.45725681900569443,1.0346485403409722
0.5505958611410996,0.071848941437429717,0.88666953803973059
1.2896208906093298,0.58136543464266,-0.65363055683660376
0.36788435168666161,0.11454544169127251,-1.5756476548094311
0.63815585858403345,0.53972761704353467,-0.60608747582570011
0.78459752357307178,1.1441145810392181,1.0345170887580664
0.95319255402356406,0.70465638957334809,0.91871922211323853
0.73652214730550658,0.7763153503086403,1.3757462092155113
0.86452107020083868,0.14569318901991957,0.54385346542693014
0.085918467152182654,-0.5658517529684528,0.80878161777075275
0.73040168900269098,0.49470734244844833,0.77497989280322221
0.67449613071634062,-1.0747815079620371,0.58285267427113396
0.030440989005534436,-0.52186354169172999,0.42958666993540784
-0.29938756489991131,-0.77263471151223229,-0.16706333233446993
-0.44212532363559787,0.58640086829285931,-0.71637249908675238
0.050621597673376928,-0.0086011081334449735,-0.064559771600637361
1.5607145992572371,0.62481978814270012,0.22058169524006888
0.50540761660318356,0.37751278150125001,0.56107763801307231
0.30875877060749546,0.2287311654732779,0.64785679271573737
0.026504896565749864,0.038305115226816289,0.034457653640417488
0.1926381875827855,0.043913657179885532,0.16183188199751172
-0.53185158290516965,1.0977823352219183,-0.64681600989300014
-1.4428978103766021,0.25869594827791365,-1.253901611276945
-0.6616232027613006,0.20884559568856007,-0.73282483031478229
0.51622481272839393,0.82811421548715036,0.071443187014390536
-0.32644281418408178,1.0019426547726329,-0.39850142097212704
-0.098248278843200781,0.70612509450718841,0.054981370352610359
-1.0135000854670406,-0.27532886219323849,-0.33232704462531576
-0.042991727731427919,-0.42180568083018305,0.038062317490664604
0.60753820134532943,-0.74476430737328003,0.031033160667647983
-0.21692913185931625,-0.22549087637895782,0.3497603038678686
0.43949990976953929,0.22955802966712921,0.016018699808396365
-0.4167747775336379,-0.20104477921785549,0.15926650326154834
0.49366878738510162,0.44208195011592688,0.45148859662240248
0.55031220978851103,-0.057761885803497781,-0.36036353125111098
-0.42057404384717401,-0.22904599022623898,-0.74331105571284151
-0.8113942560923475,-0.64210072834272136,-0.1696052094223825
-0.21211211917896236,-0.12989807877160375,0.14856772412701857
0.37352387561888062,1.0716239092397579,0.13556793345366527
-0.35031923006446403,0.75529424366704245,0.24472382427126066
-0.36860153277219043,0.53519421453196847,0.65751282198018335
0.40540538871149295,-0.34278170759477433,-0.5164602675232336
-0.49528442628539232,0.85010448258551752,-0.013003663077328869
0.30378350529845805,0.032609960256732871,-0.31982371559743339
0.61168950241026376,0.38742266798860658,0.18048454613000722
1.4159774605605526,-0.29745550424244954,-0.76868099085538721
0.86937989456985065,-0.65003040231385045,-0.14753834572897914
0.28542466721197629,-0.020366874880953987,0.054482200339526561
-0.36925717264108782,-0.0467312607376561,0.0083312397398015558
-0.10142670870007317,0.81184977744139908,-0.21670958169549595
0.91455449404066136,-0.1970098609216506,0.55571071552062068
0.92543120037547544,0.32808543131905571,0.43196096900763092
0.46390650920475629,-0.099743387494631686,0.65018472422341533
-0.23025167156078369,0.6792811962555424,0.052717946578922842
-0.058740638887754611,0.83837960666063993,0.74158853111124556
0.39236794218623533,-0.12568785944316235,-0.52681042382699317
0.092072030256446474,0.6194398344577623,-0.66760649640461056
0.37219676257078782,0.8199570506002648,0.081376639512919582
0.68032098508959671,0.29937073834781697,-0.26656655315448591
-0.17002163864484207,-0.24439386258572204,1.3655244508622553
-0.36044057352288372,0.70006929699232512,1.2384191306671615
-0.04351537484251463,0.1578287051747124,1.1215278825519976
-0.1203492978519511,0.10757756800833276,0.657246038146165
0.9332849653846812,-1.4140234226270363,0.6370785662943349
0.6273575407784554,-0.77727468862724969,0.3140405980797672
-0.33092122059642515,-0.03273918688017026,-0.33766021792183537
-1.0012506808693669,0.40548646772934749,-0.56683445236763874
-0.53878770196863601,-0.20104547279934215,-0.091937133447246799
0.17211236421588108,-0.11007892403290037,-0.27618565682768531
0.80886872072853133,1.4569060632537827,0.14697125528722238
-0.88962811875214642,0.74283194006787856,-0.086029528311482029
0.12471191126869979,1.2583283587853766,0.70921853040371863
0.17077907071175813,0.3452521266101623,1.6269116611930405
-0.27672266250064959,1.2280836381979885,1.3499024185954696
0.96063191976315054,0.84280978317756761,0.83109656231143836
1.9329949811015561,1.4830626595044674,1.5482134706508521
1.5617345174790154,1.0757464154942,1.0691258663862526
0.46240902324483285,1.121601344150104,1.0663816052939943
1.2311970718437641,1.230964587396437,0.95191650809853035
0.46102099751626069,0.099141428052102132,-0.50293666757730193
0.82453600655239978,0.35107576288750653,0.4969555530496742
-0.24719691987058784,-0.78249022044386518,-0.45362638589456816
0.1882637834831638,-0.083629265125538838,-0.79227049982605791
0.64513921230901938,0.4409224963426942,0.43380563871773997
1.3601363451053232,1.1094046215444071,1.1583560842502034
1.5036749070716675,1.1360025408047643,1.1716031547246386
0.76595090011316458,0.72170067137373228,0.85388494578347229
0.88410061576582599,0.37520431910583785,0.52092387239703342
1.816691770956504,-0.45887461501720384,0.68570595444372806
1.5679872847781542,0.1077005569386188,-0.40226697288814306
1.0360647085717616,0.98764070360986711,0.23594677137083542
1.5452226048690396,0.66984475077548877,0.71843240531079944
1.0067301697892181,1.3657116376598895,1.3881205859661028
1.3683567703374968,0.89334235193588363,1.0902987989927384
1.8282312165022558,0.56774795213020546,1.5768264793318316
1.3014300575258284,0.34559427431999912,1.6559402226641118
1.1413061509684901,0.93394317357081891,1.4081061344434718
-0.13798045784263846,0.99830217849278235,0.79938025502362975
1.0673480576062768,0.6151471943867155,0.57315449641456317
1.5428246195601449,0.68526446119125706,0.17419012809155077
1.1011359655436515,0.32953007072036156,0.49052295425797199
0.36909294398549575,-0.25584022045794308,0.30983696668308092
0.61011903756672192,-0.39988690953336037,0.97074087845708046
1.0298947001743513,1.035867521938628,1.1256462395107718
0.66814923722595165,0.20710821520190004,1.5784697779996464
1.0773493993898089,-0.12010601117744635,2.3734501308463622
0.95431865589333653,-0.25779233452753697,2.0922861634650372
1.2255190164712069,0.3947261758282406,1.5938096040292131
1.1329333116762046,-0.0032044572404365534,1.066008411621332
1.051235147945339,0.3109510417141596,0.86648121532147448
1.0832717326175432,0.91972840252035715,2.0496989861143842
1.525321516006612,0.38348406859725459,1.3955465198681456
-0.066734887573497326,0.4147369806900274,0.99429003517410108
0.68726815321495915,0.91862813223547701,0.51842277777733792
0.2645828355887655,1.5469884688161493,0.6787155100262604
0.13106191460884642,0.87842913558449665,0.82957289077125196
0.12043978751940754,0.5588482397132899,1.1821964469508586
-1.0631122265102912,0.90388680378155573,0.9903781643413333
-1.0766697426880023,0.096523579613202376,1.4253087488166432
-0.41484925019912106,-0.10603934711557211,0.94681006597977901
0.44079857418116353,-0.99559898055466667,0.61734842955076608
-0.22586463721050321,0.16007351799713621,0.21129926534421167
-0.11246068930252329,0.16531715743975617,0.82154540621483618
0.66969754570301321,0.37433603413009331,0.70781568170130482
0.40852393103697082,0.76656659973992014,-0.064598659379872414
0.01729495928471958,1.2803409146851255,1.4800506540329583
0.95732070700194605,1.2304873092245097,1.3401375159173112
1.3487926310455292,0.64604146763580916,1.2209271435254507
1.8590592857411996,1.0088580187477101,1.021904844162755
1.6057926986230406,-0.35249911961362401,1.7973430305723896
2.2804091824603336,0.58014543584189093,1.5240706073522619
2.2358628818862827,0.94597796989068195,1.1402051969335871
1.3488144249773428,0.77221148114886851,1.1462606654352443
1.6684775468309678,1.8605888120068563,0.8856034210908158
1.3257465008981086,0.8608418663754811,1.0059441146325809
1.1561229761452994,0.80041169810573987,0.31187123829750774
0.15920136320878181,1.2984830744658431,0.84354802696185449
-0.13814768658248389,1.061252183211461,-0.29720487754426117
-0.46236819809490493,0.30635722793352627,-0.068220870258396488
-0.25044203236260243,-0.20740783902687698,-0.62909801121024234
-0.34444164936008737,0.063653328359416048,-0.85321559842708483
-0.86257512554656901,0.22307319406062526,-0.31249812089572815
-1.6205057376647127,0.00029990326870062145,-0.27080178192850435
0.58474399909462726,-0.56946007219545036,0.50709844704731255
0.77165936785613232,0.17791801395138487,0.28552405591866237
-0.11113845731095834,0.87430255983711969,0.47296985607248793
0.44486332748157409,0.065758768029678283,1.1641830709008245
-0.2702032889931269,0.26261476898201264,-0.021353688559455519
0.23067605924344942,-0.45912171484598441,0.045634035322354494
0.56009509800284119,0.086369013015899998,0.39758140024524663
-0.022763642461387068,-0.023940561824978224,0.53726571526480005
0.2823830873183899,-0.58706283609145382,-0.20441547595496407
-0.55013583745623051,0.35807589337394197,0.44001709317549531
0.18902621182570054,0.85150004453191175,-0.57515359121899323
0.35958188041985728,0.68694291011067576,0.26288832836505704
0.82526274907605468,0.44713958294407807,0.64869822979808633
1.4363346518914444,0.36397812994363105,0.20468265089940951
0.82636308922788482,1.8134007285089586,0.65523619286254831
0.011672940000685611,1.1785520216521461,1.7930484280832011
0.6600341740467941,0.9439263918798213,0.23582520233385862
0.4210117921294293,0.94758630189101534,0.066794847914174643
-0.076431263529028098,0.092300380499945295,-0.39046071812156879
-0.19462019212730258,-0.0050507290828300591,0.53310283860605334
0.1565221268228166,0.94380132993300447,-0.090565082685221496
1.3314197175930791,0.7821080381193235,-0.93269334456911968
1.9168401868690632,1.1013261019227536,0.26879721123467382
0.87665941778932144,0.95849304169498084,1.1263550111194105
1.0384006253411617,0.98803362556726371,1.7967295154683929
1.2266689260133528,0.43251528153184671,0.76128362577237119
0.42912501691576771,0.44619565087220348,0.40425240862994583
-0.64279739301233996,-0.04761835289614863,-0.19876777064922596
0.20220212346343897,-0.084050119406860413,0.2049896064246598
0.26036723972112602,0.48141823641364284,0.066568569646359155
1.3445207530627368,-0.41200604998301571,-0.056204056861942464
0.56191558628611282,0.047914659872275396,-0.21332746968163019
-0.50804127920537279,0.2211706173998591,0.541768978269215
-0.17381713939039384,0.23506213747330162,0.24037436254862921
-0.0053520413868015926,-0.52646885965832413,0.055231714994884697
-0.39977479790706721,-0.2003975644898317,-0.24432531267466856
-0.24642560775426231,1.2531109962329892,-0.35829623956140993
0.82893397434788307,1.0834757226467782,0.91427007446630815
1.7101486661024841,0.4497954850591655,1.2529639444907978
0.70698940323431037,1.5257236200632924,1.1494383100157217
0.51014752006356412,-0.23104309964150804,1.1033059395136464
0.19701902163805018,0.6957578600508918,1.4586807146157081
0.44251493195210551,0.34294146730575042,1.4626820223910113
1.504967489447175,1.4367091071408264,0.83299190312506588
0.92135399258338069,1.4512689030628829,0.94663536544707338
0.42804656018734349,-0.042270032583148875,0.52862258767274217
-0.5800809472364975,0.48559186310158609,0.043683275483900774
0.17814759398751326,0.38086363415059155,0.044653386893431846
0.18795938855327723,0.24598118294212309,-0.10996924024231869
0.96437638967304073,0.26920126996693217,0.20242636805799838
0.32487058324129747,-1.0077061817767354,0.61474044815890727
0.95887449398946645,-1.3500523512352922,-0.13231249498662703
0.75504597801923035,-0.45281669409255842,-0.87519437806981271
0.26212234088739106,-0.36065835405712504,-0.96184212881574782
0.45818755001481559,0.056953213302551445,-0.7689902440238271
0.79318847525053049,-0.036698723661325622,-0.61125438730467641
0.69491930206013452,0.17674704436221145,1.2711000783510324
1.0353956836269402,0.94614215086327236,2.349985042454787
2.3556337655804569,0.76076831786382193,1.6352282793547681
2.1143841228700304,2.0602496125576617,2.3114986225373793
3.0338370433843016,1.5689922158885456,2.3304756378877287
1.674361456034247,0.28156526168503171,2.4387403105007763
1.5950128123807785,1.0295497718114239,1.8683717466433407
0.96753764511324225,0.66007035260557356,1.6184418008129742
0.96745641191215159,-0.35376944877916894,1.3958541299512695
1.1437173055629777,0.13708225232540791,0.94865331746392023
0.79380501531505221,0.40861226329028716,0.056636671630946489
0.41097705291626868,-0.13976315764224306,0.20261467143273218
-0.082600225950052009,0.35431706131279289,0.32008935930790416
-0.087002026109074218,0.58545266872264845,0.70491249448775795
-0.80303695570532696,-0.061159319944076432,0.32263731653423433
-0.22142311386408062,0.25191496067274027,0.069082828594655532
-0.15941771249909761,0.33786905755417856,-0.30937339483102555
1.2023450289418023,1.0892005540861429,-0.39331260888600433
0.37882842578338327,0.21095167220508243,-0.9155552082252475
-0.27336438525329454,-1.5324294497844315,-0.63053853144343441
0.5296931736744972,-0.74011974992944951,0.048389368949778036
-0.68065867230642296,-0.26891940497040279,-0.12979956302550477
-0.74610827584581119,-0.22256453092501419,-0.3802814082175513
-0.1583411949037781,-0.49266727576262503,-0.35776745258445647
0.031661782799771027,0.46808553580191792,-0.56467369983964932
0.66572664281953109,-0.46110916253553325,-0.49680323979401109
0.28168246299051508,0.4017091911281247,-0.81514864444129864
0.097726596749734301,-0.26114950581725066,0.20681304558386301
0.60366518200076102,0.40720094496305687,-0.27535801496735518
0.83197838368072907,0.54306800722143556,-0.21261623400127519
0.53996051890193364,-0.43065172365436999,0.97166667278670882
0.59967236243590483,-1.0282271905090183,0.50957456613257224
1.7374366773734338,-0.62571716090087537,0.14200733213435673
0.46359262218406472,-0.3351903857084062,0.17419033386835014
-0.49216537006616101,0.4931079700200286,0.2205380988518913
-0.31908027157660168,-0.16722460548303369,-0.28799005030461033
1.0068284223475754,0.054077648485362527,-0.226266000384066
0.64914728602459137,0.17074604074542141,-0.099216506640463512
-0.52903010586694554,-1.0739139007052565,0.14964135617500143
-0.31799047420339521,-0.87781957591603132,-0.8409486585401087
0.14704827077010618,-0.7091481681373436,-0.48960590479761523
0.44395340111129994,0.24160848044857824,0.13671684672869502
0.95232974049572672,0.38899843642227711,0.74626104383477865
0.80107961172620679,0.34420611662243328,0.39186254386121039
0.24682566380711726,1.1283978720200256,0.52827015302498881
0.3397757294212651,0.051702409094512528,0.70550253008914443
0.27480349105803681,-0.21481323100765476,-0.13444643935535949
0.46950918757182047,0.44284501256160247,-0.059617108374405127
0.23319919757439367,0.30572773565617306,-0.50076992613467108
0.21399419703773448,-0.24381319816304511,-1.1893604654944485
-0.011080180794865486,-0.4626258170868251,-0.69432590685421314
-0.25801451393984065,-0.67441536612906461,-0.14866656176421661
0.27800656730963613,-1.1057670909738133,-0.21081709269641824
0.1456709107497226,-0.61832159187414448,0.89949001800182726
-0.052325191266642139,-0.814537102824755,0.37410982009144289
-0.37615730809075171,-0.62734408831150645,-0.029930154573207638
-0.65315323308285611,-0.19763371895715318,-0.19689664790419581
-0.6782552971472513,-0.45050805140310435,-0.49766462081777418
-0.19221308166984233,0.37089115329160188,0.32597371033280004
-0.12095213424315125,0.45646747678461136,0.17976306308089071
1.0768516000299231,-0.09210830665787105,0.37029878044279152
0.56753266387970203,0.20109854906665151,-0.61317015530384777
0.050744847393473784,0.91860566563064239,-0.24276451104043939
0.18466700723161122,1.0706635388705001,-0.3135681215718874
1.3277004316046215,1.3771414060242013,0.43054212984120921
0.52947930346637806,0.84101321361357861,0.72554169294957582
0.31689221933494688,0.53998451002771031,1.1898253222510449
1.0642421789885916,0.37973299585013376,0.85861042198511195
-0.2823810524189051,1.1050104446954558,1.0541515354799458
0.69816466015517409,0.53185572702760797,2.2500554519005869
0.66727640282545442,-0.1397712845570751,2.1935468444106667
1.3000017719253798,-0.30843512218112723,2.0104743105360066
1.438692166839262,1.1036570466121411,1.2854730543580555
1.9484468101552099,1.1082889459893597,1.9737281517119809
1.5405378164592816,0.79318180059987375,1.6397871769208563
0.95889010163381572,0.37242917824992505,1.4943667719188352
0.53893744991941839,0.62912441232938709,1.3040356749960271
0.92188014821130326,0.47937240315887114,0.8777441909988799
1.436190705079728,0.57200247844261021,1.0829963909831859
1.6352699389498513,0.13960933122763219,1.5141843925650502
1.0429821552462228,0.80437720718465899,0.17512095125645399
1.1984904452508633,0.54336020155359699,-0.053094302130057724
0.67078996373898314,0.32123834217589481,0.70872521403836353
-0.041220701132897219,-0.0068757601989613004,-0.073105893240152098
-0.76126590616792833,-0.34852228863853096,0.14914386963421042
0.19501844626345755,0.56704294867405836,1.4986351914094922
-0.057908778390492577,0.26426097836918272,0.47888004633977155
0.99542966853355197,-0.61627717778067514,0.97826438970563023
0.56433929322115395,0.25683892096027927,0.42133383860065354
0.035068651580446697,0.67962534377359973,0.38394721103169854
0.51737057722189705,0.08341802448635291,0.31635414827255182
0.16962221269925795,0.34718359874704774,0.82328941016162727
0.03611562121720762,0.14585513538142322,0.024103837182124582
-0.14639357801294667,0.14349209716146585,0.010190965360340323
0.96020581288792639,0.93303229663667309,0.25937980029718899
1.0602125985932174,1.2527697480488451,1.8087243153922528
1.7126277718354144,0.26699107585414467,0.77993068789682862
1.189956831732224,-0.015317210260687997,1.2033794969140887
0.10841871041836559,0.02324155216298579,1.2509980390458211
0.40146116087216127,0.14875652086874563,0.67545739756269318
0.61219902859020348,0.25845263426514081,0.53885882270514629
0.45305268442025926,0.52761824819866876,1.5703972834798037
0.36132328809952197,0.016153464772775794,1.4400291847521318
-0.38098006901004045,0.32005853714608329,1.1826487560303012
1.3775731769806878,0.45705412584535837,1.4228485642323307
0.8892138630731804,1.9950375634035491,0.94718153520669945
0.49979480210727539,1.3480758042692205,0.90303471350505493
0.940115206179021,1.3697863517426592,1.1425965589851046
0.23838090573433834,0.52902441195732131,1.9383241866379208
0.40914294498741521,0.96115832078153562,1.2589757733207381
0.73753235359172908,1.4238631970390085,0.42650717426268742
0.39224069586791566,1.1924794570127952,0.75670488151248061
0.043783397488383557,1.0669649234627734,0.14077997135002834
0.13327987757448134,0.59615200174011806,-0.26653770113536224
1.0254827702134945,-0.033184058197808897,-0.31861198199670437
0.58659806877908027,0.25082093864306337,0.84521698244514665
0.94696384418675739,0.6503176762156444,0.46479617962550301
0.91337143043069724,-0.32608409338657307,1.0079574466684305
0.49867965378899276,1.0386285014200927,0.217456287352914
0.45963397064043299,0.21271608051489171,0.073249710117635924
0.94017452809391688,0.21722334161219908,0.87911407598259372
0.11680460037030427,0.13694238295024008,0.30342335591067027
0.28264552817729521,0.14055946727961466,-0.35981754485309375
-0.17680143793563641,-0.37480524093050788,-0.40690153065398682
-0.69650102020528226,-0.084856775767110537,-0.76973680040108516
-1.247067633312267,0.221287677143131,-0.016137377256585539
-0.85950411909259683,0.13662142300763921,0.022151228218746294
0.50542762261223961,-0.51761296933764445,0.50564522652947741
0.78933793789960816,1.4255042526869439,-0.36730788719840224
-0.13269680224781361,0.39720832954218432,-0.95754932108557766
0.14048318649252178,0.33775814590560893,-0.86153622265843599
0.58728521276841228,0.023380756085236903,0.16783178236692892
0.065794062894516891,-0.20610900394433196,0.020850844120394119
0.71409175354331567,0.097043043266456686,0.90602937882188161
0.85780889557075513,0.61207460978875128,0.02096808041854456
0.32097527068088239,1.0642171170820327,0.69575213040210726
0.73119100239728407,0.73366638715815125,0.88219594001344803
1.4802977534101016,1.1443252667686459,0.47196927500980834
1.9094706574120497,0.65976137625633557,0.6957721153405706
0.87807829887504973,0.70628246572777986,0.4689976223631383
0.2643172584290418,1.136987866647184,1.1503118139317379
0.36591862268279896,1.2023512587927638,0.43754563809843766
0.087172263705651731,1.0887199601669666,1.2242195385544108
0.82531259888482511,0.65088482705055895,-0.040280456386855734
0.6203845529495684,0.32639068263782051,-0.87425362759298586
0.78769974323867153,-0.29031878971046637,-0.69146675720079587
1.2029123678590965,0.72306657625806281,0.41546491318831402
0.58774037046746641,-0.018832159062578513,0.97238101687764444
0.018495383499663842,0.33617063604989667,0.61106113430130049
-0.56418222039873378,0.68067048108982653,0.68765130546724951
-0.70752046140061398,0.54743311281966911,0.2244705653245273
0.14382021277113605,0.83555684512805428,0.6660902626478129
1.3270057638792945,0.46784949459061459,0.4176173124359005
1.2793549737606629,0.99091264679276392,-0.033983025445076254
1.0317029174609669,-0.11107490189196001,0.5332194621659534
1.3302190670440703,0.80737243427969307,0.73302702954954269
1.5363413464847218,1.2918218176549541,1.318721948631691
-0.16796637477370613,1.28739173001112,1.0642964644325577
-0.67174837908694596,0.39972148362630583,2.1741648080167204
-0.16328044810854836,-0.22478806895491299,1.3466446924067192
0.43344660708164584,-0.25635216808027439,1.0606018842838927
-0.062769461194613019,-0.58091258413304359,0.65337225148252842
0.88802299465206236,-0.54033770968171679,1.306804236335315
0.70929843787848934,-0.070386145512686696,0.54905467916413075
0.019526195764986529,-0.43331974004206825,0.35715571213024289
-0.149764031986966,-1.2713996819280085,-0.21849943937207097
-0.26619278295898741,-0.51629388260560305,0.12651038395397235
0.37775414779744748,0.45824269285925756,0.6299448972305014
-0.14324567919178471,-0.50895631646686446,0.31527963172845097
-0.56006737541205165,-0.67891683822300297,1.542111200468649
0.099528054308064426,-0.30828401489491974,0.13722314247295478
0.39941349216192307,-0.092641764178481911,-0.283943487154799
0.081952292089883014,-0.59204214013653889,-0.55637962837866473
-0.14427588359136778,-0.86058688371019865,-0.36602753030478113
-0.12872197668982704,-0.64155869025799128,0.097085006258774087
-0.57246133052810744,-0.16702019247635472,0.2070676279443438
-0.23289024360918542,-0.051288929701712255,-0.028477100539365089
0.65919008813275726,0.6660810185510696,0.24258977499977544
0.40476996508570784,0.78505154105633834,-0.5097428326511968
0.78122147158233601,-0.03716006972652483,0.68636795567371434
0.59268124302482827,0.45329787769982932,0.26432237529500735
1.2364263097286261,1.4608169975728216,1.1148746754714232
0.39080191882482784,1.1524166006570331,0.88605136350932567
0.5333810986043902,-0.42161644229424833,0.78182723306246049
0.90460058685720801,-0.20139007234081263,0.49626485293167844
1.08834393433316,0.43309380414541115,1.520010966014036
2.0802575620664534,0.42643008666983218,1.4186759605972237
1.5950666204032735,-0.4323210808924608,0.54684288413163062
1.289944224955746,0.36596052322469091,0.89726440005737929
0.71046999354761109,1.5737883810288291,0.82414588077047979
0.86758627090347917,1.4207588131155235,1.36668741943751
0.41445177479942824,0.58254231206542328,0.85286493372650196
-0.20420348894026052,0.99124670302682016,1.2231928211915384
0.11637017920456189,0.54544351965071736,0.80595200450454518
0.033231530747843907,0.45759300835857292,1.3086298815257733
0.2913945631116609,0.64635769727117687,1.0182661839481504
0.85377368273839438,1.7409327107782451,2.057920223699703
0.73583982569345163,0.78487753793035786,1.0338375294074642
0.65297853986966126,0.91198667089737984,1.580088237032869
1.0425471934535613,0.54229894457815497,1.1478150200425945
0.7274537772177665,0.31183315840448106,0.020435811865428311
0.61379200490497776,0.84370729366461894,0.43954645906225698
0.47673462528869676,0.83792783449153885,1.200417526435869
1.0207654347665163,-0.43878950203347855,1.0934011102247994
0.39094465435689962,0.68127060761496705,1.227796997200437
-0.089298891866463725,0.93569036285479945,0.23758354316610736
0.47822764533444961,0.85553200879684932,0.84514285757587782
0.13920381049637182,0.3871095939061116,0.53204539155271402
-0.60985172655543163,-0.0023124404527055317,-0.60030532779756329
-0.4531358531702106,-0.13059588374927242,-0.044188236744566026
-0.92398453005162529,0.65364068741155468,-0.62333120928972796
-0.24516103326341482,0.90272342273179706,-0.11549994529993557
-0.69637152054893448,-0.24548478553050529,-0.14999016699311374
-1.1241167381715091,-0.17381333043529157,-0.56438293341316248
0.29751813150795009,-0.45748918753704082,-0.22255353288591315
-0.010012125063526112,-0.67413285674376866,0.14992825640740304
0.050632761342439082,-0.27684430734915588,-0.14390737654282379
-0.019547001213378226,-0.83114506194940863,0.22947584241643867
-0.098718946730126197,-1.2123512835127808,0.7122154330377769
-0.32906137049084294,-0.25060046204611636,-0.43879176403435305
-0.43730948529772934,0.30971703311742665,-0.067405927260621182
-0.014450285932449052,-0.3008951202494205,-0.55783436211963444
0.14748111812060277,-0.23441778265743504,-0.3723405396491471
0.36882188212486255,0.24687911270704599,-0.28972735094827928
0.21609526361287196,0.16146933112339343,-0.26622736404007785
0.41696989439597748,0.23262247600491356,-0.81333257282872284
0.15018729922581198,-0.13503092541456274,-1.2648297444675987
0.50583206102634948,0.40721801022363668,-0.78426030419901593
0.41267010568056667,-0.0062038154668658443,0.09935574362534659
0.1739225513115133,-0.84619345229060694,-0.43921396989262307
0.16187645856353056,0.037756822539263268,0.435442471283217
0.79496328348366085,-0.29920254423573767,0.12961959173679591
0.43874706195456126,-0.40999386338738875,0.49697171647457966
0.63696216337239775,-0.33140616831804598,-0.163946311447179
0.46170875375202236,-1.2681775335592569,-0.16276430498396968
0.09859059131068941,0.32463857715983019,-0.2357133169253306
-0.34076505737407592,-0.25033494301150111,0.48796003278159816
-0.62969547377795232,-0.67027266189750678,-0.40777202866939027
-0.23002447037047088,-0.83790397493699353,-0.55383171525758446
0.16676814907024365,0.17251985516733001,-1.1627509538375878
0.048078564250708382,0.3126764992849323,-0.37759108023978932
0.13943354638611202,0.1008554883473007,-0.51397032016961519
-0.12727177262359238,0.2532134735037303,-0.16163414037142454
-0.30434798675610614,0.38571104529881606,-0.011959474849466127
-0.77896443158329454,-0.38557974576481735,0.55291249528878561
0.33407919146732873,0.57434133093774598,-0.67493446223012732
-0.078640350998446087,0.90845290624843555,-0.12890135803984037
-0.92153050698784789,0.05599700678274655,-1.0443242776434196
-0.087985134955406996,0.313291488748555,0.19029488814183484
-0.80147476782862492,0.4487257193091706,-0.67590050715909666
0.11201386299667991,0.33564579656024895,-0.41113363865536084
-0.6363814882076243,0.65840293880373568,-0.052050150711189555
0.57719552504546712,-0.33082248837576467,-0.15363695821907158
-0.26125330485157183,-0.66280185979794082,-0.32812628466330057
0.37585341861149779,0.56513784031551206,-0.26276493327433748
0.42208133797965142,-0.071690980307309055,-1.2286976929175701
1.0298004769352778,0.13259280170300741,-0.25302170934017343
0.079264700423487711,1.3040951494660322,-0.16288799785675337
0.43640664060393453,-0.19648443497507956,-0.8341384229172365
-0.53087364911139079,0.19404576805973886,0.69352598358453532
0.84131219642448607,-0.11709290345966152,0.3155375493866453
0.60972688489022342,0.54144123849833714,0.55214089526796328
1.2972317771614936,-0.32657403532550211,-0.28629809159569075
1.3224004061567509,-0.36749176469169254,0.028436440014471251
0.39728820340950471,0.41510832787362534,-0.15084764981512155
0.95075549629691281,1.0168193334308651,1.0371414541544757
0.37466420116820837,1.1397845995494547,1.563576081964698
0.40368564525202449,1.0223351042998652,0.64023249967392537
0.33453786990754719,0.51176784092364513,0.6351927986790824
0.43187893435554325,1.1211742948571524,0.58869918848209979
0.24694883483676214,0.72633516835648593,0.83072801932405627
-0.069074641145033797,0.1706631346485441,1.0870132377316801
0.95690541594878931,0.92382974725380584,0.48824952477072259
0.70893450304442673,1.442096671880025,0.43307936820826909
-0.126891544736353,1.540230834448479,1.2093955538196246
0.050511359001961686,1.0861041833492511,0.96759985660001346
0.82989709702825443,0.81467549161632602,1.6121429889227707
1.5655699346382157,0.1234619923534942,1.0936562124557869
1.006735451763741,-0.12132223336076481,0.27455628465170046
1.3151481906179283,0.64539599169922157,1.2411973807585024
0.66678412913432683,1.2595134048900651,1.4233232360593895
1.2621741449424464,-0.041264277710367891,1.1204903030008735
0.94036010006879367,0.83460319014997064,0.49705701937503666
0.49947989568012158,0.59927102799024745,1.072550262863845
0.15469879204080283,0.16229812827073054,0.35523700309568729
0.68296931800311222,0.77228427679235023,-0.29544738120381564
0.84066390562489324,0.34863374101046574,-0.6698891577838898
0.065596908809475107,0.30690454724351446,0.18339490440506423
0.27098273679759061,0.66243084329559554,0.7115976258573814
0.014857960418626498,0.94287652387321208,0.93727898345455962
0.098883151281969839,0.4498715338517103,1.3397746813316247
0.80808656128122502,0.20359051132381201,1.2191025089793781
1.1004866344812241,0.37900633391834992,2.1278143396543929
1.4058905855105652,0.22693412541822505,1.2496419687755735
1.3250044197636943,-0.059963421236070957,1.1746714684724131
-0.67250531707155803,0.55804365813940926,0.75359267256695217
-0.21260488273551015,0.66086322847212609,0.13131400172920107
-0.079735207014267215,1.4322947208317824,0.2963344032453924
-0.28098339158699581,0.92644796788542028,0.54543001076652708
0.35843139968224402,1.1077596034299595,-0.19540247182046933
1.5722065086856101,0.63843918214052442,0.65113322524057937
1.4008685407331773,0.89065058224353055,1.0163990362967716
1.3911636115620611,0.35081534377619372,1.5949038399067714
1.6693689137679115,0.57475949623498335,1.4464704120734353
1.2327749591502446,0.95374477427887894,1.2250336687588914
0.13639288465265331,1.8669170389582117,0.89016553689736078
-0.53089845636399469,1.7041669648597899,0.4456856416961284
0.6569568725749273,0.88841755528525967,0.23705759815603838
1.0401346768319821,0.85553262430043886,0.29200467207373038
-0.25950511534507448,0.83035734643063241,-0.47212865726601644
-1.2517100398846386,1.0353150251436545,-0.77536364866905105
-1.5020700733808465,0.76684612788211748,-0.41319304806077573
-0.1178604787947384,-0.0034998620248016532,0.56865188284914314
0.79466769079423683,0.08935727970359858,1.0168305840754361
0.73387414763782888,0.58228802463874996,1.594517255530211
1.6532982080716319,-0.058597038779203525,1.1979649217082957
1.773069476615956,1.3804950208827771,0.88983911962649731
0.59573615166681348,-0.12120584756027225,1.5749929878611537
0.88581943791469175,0.68809970379979868,2.1480658931249383
0.91060892388199066,0.25359241123716503,2.0125612079702648
1.4187995292619546,1.0248270966671624,1.3873864855793683
1.5422545768676184,1.7405721550924615,2.2113428990559916
1.9542215837791765,1.1084907289851267,1.5192003877255833
1.0878124245504288,1.3638048505421201,1.2670002476117401
1.1248765775531273,1.2505321961719249,2.1152800375989083
1.8785381009075026,1.8233127446447774,1.417405261992186
1.0520340714035259,1.511854686854277,0.088200934361403749
1.0920542004410287,0.92161808526551126,0.53383183503245257
1.5158194128433971,0.59217021623107668,1.4305496089741361
1.0486281844407923,1.6765746882598396,0.28675320338365157
0.36718755532371233,1.2154163130374873,0.34836481444432471
0.69501287925706179,1.1944401985625719,0.57637859986251727
-0.16311223125462851,0.20120781765586956,1.0053904669930658
0.54912037765086152,0.84772437512188104,0.12238559421845396
-0.77916505998522678,-0.13697913368324827,-0.40607490301650123
-0.35761442797170423,0.12346660235659759,-0.40335449412841612
-0.36991194594842836,0.13588959505644643,0.04472480885867125
-0.71248637857509356,1.3281821957289475,-0.29789773687183346
-0.3313977071638311,1.0138753373666844,0.1328085957321547
0.17125801131676147,0.85961667203667236,-0.36601762569244628
0.51176325575734927,0.68715730094520844,0.56505990509166137
0.65024029808609207,0.98872309029025174,0.56099303227589659
1.7091527431158229,1.141052946923369,0.84976136105373734
0.89471258929313979,0.52632991202729618,1.5739755951997467
1.1362557624910214,0.42276759979399758,1.3945283259477241
0.99960415876594189,0.94199710288056271,1.4669520095459134
0.84692792561156627,1.9542286722107876,1.1638403075302794
0.61213570752958391,0.28275914797136914,1.0469991261139004
-0.07823381951430261,0.24034529593307935,1.0015698506601942
0.014782668234905566,-0.54873642710419823,0.41672073471197663
0.71080434687670868,-0.82771113419378339,0.020047099887625541
0.21857528015107014,0.16780437145480226,0.14196240097214446
-0.21275287810621815,0.42940575587804419,-0.19316468301857886
-1.0511565712258506,0.3210655504271262,0.45322121000775933
0.77619607180794725,0.27039014203167339,0.088054371345828886
0.66150889203540642,-0.37882913101161436,0.65926769750405501
1.7124415066567222,0.55320846834376369,0.96788455808254636
1.6593742223158847,0.15165608813509712,1.1770659557143623
0.6864059324838061,0.56853491226783126,1.2153178679357532
0.15400537854036145,0.67146061189962158,1.4251321520605775
0.17195951951711191,0.42989879844589701,1.3015762293978057
1.0746981979631181,0.03256932740947463,0.92363907008540413
0.68881382741815478,0.91648248039558111,1.1662725261174329
0.69695791512261684,1.2397129228419261,-0.47951405627544763
1.2631641832529361,1.5934270855857751,-0.27543683803867747
-0.082007711656208182,1.012216046787775,0.44020194361051868
1.0586341333554286,0.4933896887658048,-0.49320090240701764
1.8571610060486115,0.64919937897817459,0.033754080759130889
2.0244204952020977,1.5526511584326861,1.4208742313591385
2.4673391737828849,0.37972633241859094,1.7210789468236145
1.2447254157978234,0.49875703446083963,0.91765475660807427
0.96859196975220518,0.83460459375413276,1.2068432368368756
1.7300266294668429,1.8425154691327617,1.4529014223733008
2.3744878849279356,1.2753301612732579,1.1531781641423136
1.7026469991175073,1.1720426274688087,0.71805197854618463
0.60315371338577473,-0.042349266011533382,0.65297466343624844
-0.16194235783992922,0.52158231843566338,0.46521067731549565
-0.45194510512104252,0.51864032719457076,0.3113254626223011
-0.1875211771272709,0.075458961230208565,-0.4318500486398017
0.037939431131501278,-0.19874579691812844,-0.10032204579658049
-0.082733276455017102,-0.84718170161970718,-0.35326362016603913
-0.39300737892822657,-0.194998452398848,0.73384685420415674
1.805449581765816,1.2483935086250288,0.66477120332649464
1.0030950219151928,0.23228235589897672,1.3352443980420148
0.54297958348847364,0.78385819656156352,0.68082821121059145
0.28861556624279594,0.15285985841873861,0.31101063649932315
0.87476218246072768,1.0874084437851554,0.52186637661153246
1.0951871145258476,0.41595209649839421,0.54120705109248679
0.82892930700795131,0.84543255149554086,1.4821904582811276
0.61618687355912427,1.215491335995903,1.6841885457132595
0.36902863628221572,1.4683157531858688,1.3839992340548897
-0.26862308682240343,1.2541345983970458,1.0106798445496785
0.45798225346625016,0.37679831778670264,0.92352267887903172
0.90269054969456552,0.29305065217422344,0.63063775944495315
-0.44523372120302485,0.74087423848889222,0.24106246126756142
0.86756651454260203,0.5342522799957139,-0.015408812764134278
0.094288712069697272,-0.54633343255347122,-0.7205350464358018
-0.14856334715932829,-0.1383788814451965,-0.19839096084790456
0.055111615065426889,-0.16666572690059145,-0.14673138335445551
-0.26326853685981105,1.1629029624344915,-0.034177404044934079
0.48209222829396858,1.6217725142333186,0.37206824849026732
0.025494141825755823,1.2162975421580615,0.4813592771111132
0.25100642478024648,0.39449481977834117,0.24395741159068768
0.8405217653923498,1.2168204804273839,0.02198876473775585
0.84442732982672974,0.4890970573044614,1.462524180930826
-0.0019749271909769439,1.2255917832281367,0.90226120823040212
-0.29056538992434239,0.34137556709591355,0.62766880072092024
0.82796731970020532,2.0974073134844016,0.40138069396893805
0.54315618911608554,1.3845185840579011,0.43414469301838754
0.50091963286124142,0.76596637568660286,0.66254740964044589
0.252206060057998,1.3923662650228985,1.1319459754922154
0.60682258505874143,-0.69917972074868096,0.30123932866150294
0.89536821446043136,-0.51709670225965942,0.67148902892708162
-0.42139267751636211,-0.086509513523410617,0.88890952800101442
-0.75376511444296357,-0.28967906721574294,0.3263537947181383
-0.17834436956519742,-0.48833077641982808,0.13233977442504444
-0.43726876050532038,-0.70669658257828472,0.36585758702742988
0.33997655534364174,-0.87025391151323683,0.39934291648338183
0.0093414277741626153,0.18679074162738737,-0.40363965778488659
0.50220300002711726,1.0492289523760627,-0.71348943354047023
0.86712369898061736,-0.67077681033140657,0.41040802883451721
0.37930420323312292,-0.49366726928892968,0.68181034463429946
0.29390198706340309,-0.57845149533792195,0.55575772220491704
0.6663008619139501,-0.46132391116380322,0.094119923632040609
-0.27851668753223396,-0.38899643911702719,-0.10949830181067724
-0.16780637420943689,-0.10106682190522701,-0.39490172556939951
-0.55226999080607264,-0.98486939242124583,-0.94649631685745517
-0.15676243851043523,-0.86059053241852301,-0.51324614605909658
-0.31281158639711243,-0.26063857344086411,-0.6100194314967966
-0.24450887505797189,-0.28990698728190856,0.21810110234310881
0.35052672072113911,-0.51640038746595351,-0.58077303669993874
0.11908559054406426,-0.60102445299782858,-0.68235620228344129
-0.012102093771850425,-0.10094904285897463,-0.29700282948282425
0.30441069038660479,0.41236642517700933,-0.24167766835642568
0.88888814350912748,0.21251245548611405,0.10517725428654873
0.84075305648287912,-0.67785554029132877,-0.13872348732943121
-0.2687889556734524,-1.1675587824126645,-0.07894355496140644
0.26057118519124672,-0.34726655950835261,0.39610763075272548
0.18563423550721359,0.62419189449715295,-0.043694303634705896
0.12438732761823278,0.72568034977433515,-0.76375073519740178
-0.37798286086659089,0.060253015529514536,-0.3936568290284983
-1.6058483676059845,0.52008262034575703,0.41616040099511753
-0.34433973888340641,0.48120485685537351,-0.41628492623603908
0.47392002613509104,0.86875498391726969,-0.19712023585728961
-0.28627942101708503,0.27495330881790936,-0.99038122457134481
-0.0053747442117999629,0.389371825017996,-0.88303503618959966
-0.022385746782367801,0.46847438707295508,0.668057036943419
-0.93197335098140999,0.40328281498201768,-0.055582486096680844
-0.65279353485156155,0.25446685622123538,0.60029949003820071
-0.040006175570630471,0.25248207626796931,0.44105223677457395
-0.13792727849006264,-0.6881326076421268,0.067217915687629456
-0.35060700910246484,0.23967687558716375,-1.4361703744128655
0.24190856282472531,-0.55152011886705188,-1.0543633672654451
-0.12124121685812657,0.20532122870640254,-0.18349317059748244
