path	families	replacement	disposition
modules/mvpa-dataset/shared/src/main/scala/scalafim/fmri/mvpa/dataset/predictive/AlderCorrelationCentroid.scala	CorrelationCentroidClassifier	AlderCorrelationCentroid	replacement implementation or its regression suite
modules/mvpa-dataset/shared/src/main/scala/scalafim/fmri/mvpa/dataset/predictive/AlderCrossDecoding.scala	CorrelationCentroidClassifier,RidgeLdaClassifier,CrossDecoding	AlderCorrelationCentroid,AlderRidgeLda,AlderCrossDecoding	replacement implementation or its regression suite
modules/mvpa-dataset/shared/src/main/scala/scalafim/fmri/mvpa/dataset/predictive/AlderFeatureModel.scala	FeatureModel	AlderFeatureModel	replacement implementation or its regression suite
modules/mvpa-dataset/shared/src/main/scala/scalafim/fmri/mvpa/dataset/predictive/AlderOperatorRidge.scala	OperatorRidge	AlderOperatorRidge	replacement implementation or its regression suite
modules/mvpa-dataset/shared/src/main/scala/scalafim/fmri/mvpa/dataset/predictive/AlderRidgeLda.scala	RidgeLdaClassifier	AlderRidgeLda	replacement implementation or its regression suite
modules/mvpa-dataset/shared/src/main/scala/scalafim/fmri/mvpa/dataset/predictive/AlderSoftLda.scala	SoftLda	AlderSoftLda	replacement implementation or its regression suite
modules/mvpa-dataset/shared/src/test/scala/scalafim/fmri/mvpa/dataset/predictive/AlderCrossDecodingSuite.scala	RidgeLdaClassifier,CrossDecoding	AlderRidgeLda,AlderCrossDecoding	replacement implementation or its regression suite
modules/mvpa-dataset/shared/src/test/scala/scalafim/fmri/mvpa/dataset/predictive/AlderFeatureModelSuite.scala	FeatureModel	AlderFeatureModel	replacement implementation or its regression suite
modules/mvpa-dataset/shared/src/test/scala/scalafim/fmri/mvpa/dataset/predictive/AlderOperatorRidgeSuite.scala	OperatorRidge	AlderOperatorRidge	replacement implementation or its regression suite
modules/mvpa-dataset/shared/src/test/scala/scalafim/fmri/mvpa/dataset/predictive/AlderRidgeLdaSuite.scala	RidgeLdaClassifier	AlderRidgeLda	replacement implementation or its regression suite
modules/mvpa-dataset/shared/src/test/scala/scalafim/fmri/mvpa/dataset/predictive/AlderSoftLdaSuite.scala	SoftLda	AlderSoftLda	replacement implementation or its regression suite
modules/mvpa-fit/shared/src/main/scala/scalafim/fmri/mvpa/fit/SoftLda.scala	SoftLda	AlderSoftLda	numerical kernel reused by mapped Alder head; legacy orchestration retirement M1.12
modules/mvpa-fit/shared/src/test/scala/scalafim/fmri/mvpa/fit/OneShotDatasetSuite.scala	RidgeLdaClassifier,OperatorRidge,SoftLda	AlderRidgeLda,AlderOperatorRidge,AlderSoftLda	frozen reference/consumer fixture; M1.12 rewires the executor to its mapped head
modules/mvpa-fit/shared/src/test/scala/scalafim/fmri/mvpa/fit/SoftLdaSuite.scala	SoftLda	AlderSoftLda	frozen reference/consumer fixture; M1.12 rewires the executor to its mapped head
modules/mvpa/shared/src/main/scala/scalafim/fmri/mvpa/Classification.scala	CorrelationCentroidClassifier,RidgeLdaClassifier	AlderCorrelationCentroid,AlderRidgeLda	numerical kernel reused by mapped Alder head; legacy orchestration retirement M1.12
modules/mvpa/shared/src/main/scala/scalafim/fmri/mvpa/CrossDecoding.scala	CorrelationCentroidClassifier,CrossDecoding	AlderCorrelationCentroid,AlderCrossDecoding	consumer/export/example/benchmark mapped to identified measurement + named head; physical cutover M1.12
modules/mvpa/shared/src/main/scala/scalafim/fmri/mvpa/CrossDecodingScanner.scala	CorrelationCentroidClassifier,CrossDecoding	AlderCorrelationCentroid,AlderCrossDecoding	consumer/export/example/benchmark mapped to identified measurement + named head; physical cutover M1.12
modules/mvpa/shared/src/main/scala/scalafim/fmri/mvpa/FeatureModel.scala	FeatureModel	AlderFeatureModel	numerical kernel reused by mapped Alder head; legacy orchestration retirement M1.12
modules/mvpa/shared/src/main/scala/scalafim/fmri/mvpa/MvpaError.scala	OperatorRidge,FeatureModel	AlderOperatorRidge,AlderFeatureModel	consumer/export/example/benchmark mapped to identified measurement + named head; physical cutover M1.12
modules/mvpa/shared/src/main/scala/scalafim/fmri/mvpa/OperatorRidge.scala	OperatorRidge	AlderOperatorRidge	numerical kernel reused by mapped Alder head; legacy orchestration retirement M1.12
modules/mvpa/shared/src/main/scala/scalafim/fmri/mvpa/RoiResult.scala	OperatorRidge,FeatureModel	AlderOperatorRidge,AlderFeatureModel	consumer/export/example/benchmark mapped to identified measurement + named head; physical cutover M1.12
modules/mvpa/shared/src/main/scala/scalafim/fmri/mvpa/SearchlightClassification.scala	RidgeLdaClassifier	AlderRidgeLda	consumer/export/example/benchmark mapped to identified measurement + named head; physical cutover M1.12
modules/mvpa/shared/src/test/scala/scalafim/fmri/mvpa/ClassificationSuite.scala	CorrelationCentroidClassifier,RidgeLdaClassifier	AlderCorrelationCentroid,AlderRidgeLda	frozen reference/consumer fixture; M1.12 rewires the executor to its mapped head
modules/mvpa/shared/src/test/scala/scalafim/fmri/mvpa/CrossDecodingScannerSuite.scala	CrossDecoding	AlderCrossDecoding	frozen reference/consumer fixture; M1.12 rewires the executor to its mapped head
modules/mvpa/shared/src/test/scala/scalafim/fmri/mvpa/CrossDecodingSuite.scala	CrossDecoding	AlderCrossDecoding	frozen reference/consumer fixture; M1.12 rewires the executor to its mapped head
modules/mvpa/shared/src/test/scala/scalafim/fmri/mvpa/FeatureModelSuite.scala	FeatureModel	AlderFeatureModel	frozen reference/consumer fixture; M1.12 rewires the executor to its mapped head
modules/mvpa/shared/src/test/scala/scalafim/fmri/mvpa/MvpaAdversarialSuite.scala	CrossDecoding,FeatureModel	AlderCrossDecoding,AlderFeatureModel	frozen reference/consumer fixture; M1.12 rewires the executor to its mapped head
modules/mvpa/shared/src/test/scala/scalafim/fmri/mvpa/MvpaParitySuite.scala	CorrelationCentroidClassifier,RidgeLdaClassifier,CrossDecoding,FeatureModel	AlderCorrelationCentroid,AlderRidgeLda,AlderCrossDecoding,AlderFeatureModel	frozen reference/consumer fixture; M1.12 rewires the executor to its mapped head
modules/mvpa/shared/src/test/scala/scalafim/fmri/mvpa/MvpaPropertySuite.scala	CrossDecoding,FeatureModel	AlderCrossDecoding,AlderFeatureModel	frozen reference/consumer fixture; M1.12 rewires the executor to its mapped head
modules/mvpa/shared/src/test/scala/scalafim/fmri/mvpa/OperatorMvpaSuite.scala	RidgeLdaClassifier	AlderRidgeLda	frozen reference/consumer fixture; M1.12 rewires the executor to its mapped head
modules/mvpa/shared/src/test/scala/scalafim/fmri/mvpa/OperatorRidgeSuite.scala	OperatorRidge	AlderOperatorRidge	frozen reference/consumer fixture; M1.12 rewires the executor to its mapped head
modules/mvpa/shared/src/test/scala/scalafim/fmri/mvpa/SearchlightClassificationSuite.scala	CorrelationCentroidClassifier,RidgeLdaClassifier	AlderCorrelationCentroid,AlderRidgeLda	frozen reference/consumer fixture; M1.12 rewires the executor to its mapped head
